[error] Failed to fetch Firebase Project from Studio Workspace because WORKSPACE_SLUG environment variable is empty
[error] Failed to fetch Firebase Project from Studio Workspace because WORKSPACE_SLUG environment variable is empty
[error] Failed to fetch Firebase Project from Studio Workspace because WORKSPACE_SLUG environment variable is empty
[error] Failed to fetch Firebase Project from Studio Workspace because WORKSPACE_SLUG environment variable is empty
[debug] [2026-01-06T14:18:46.259Z] > command requires scopes: ["email","openid","https://www.googleapis.com/auth/cloudplatformprojects.readonly","https://www.googleapis.com/auth/firebase","https://www.googleapis.com/auth/cloud-platform","https://www.googleapis.com/auth/userinfo.email"]
[debug] [2026-01-06T14:18:46.261Z] > command requires scopes: ["email","openid","https://www.googleapis.com/auth/cloudplatformprojects.readonly","https://www.googleapis.com/auth/firebase","https://www.googleapis.com/auth/cloud-platform","https://www.googleapis.com/auth/userinfo.email"]
[error] Failed to fetch Firebase Project from Studio Workspace because WORKSPACE_SLUG environment variable is empty
[error] Failed to fetch Firebase Project from Studio Workspace because WORKSPACE_SLUG environment variable is empty
[error] Failed to fetch Firebase Project from Studio Workspace because WORKSPACE_SLUG environment variable is empty
[error] Failed to fetch Firebase Project from Studio Workspace because WORKSPACE_SLUG environment variable is empty
[debug] [2026-01-06T14:19:46.246Z] > command requires scopes: ["email","openid","https://www.googleapis.com/auth/cloudplatformprojects.readonly","https://www.googleapis.com/auth/firebase","https://www.googleapis.com/auth/cloud-platform","https://www.googleapis.com/auth/userinfo.email"]
[debug] [2026-01-06T14:19:46.246Z] > command requires scopes: ["email","openid","https://www.googleapis.com/auth/cloudplatformprojects.readonly","https://www.googleapis.com/auth/firebase","https://www.googleapis.com/auth/cloud-platform","https://www.googleapis.com/auth/userinfo.email"]
[debug] [2026-01-06T14:19:55.234Z] Running auto auth
[debug] [2026-01-06T14:19:55.235Z] Running auto auth
[debug] [2026-01-06T14:19:55.236Z] Running auto auth
[debug] [2026-01-06T14:19:55.236Z] Running auto auth
[debug] [2026-01-06T14:19:55.410Z] No OAuth tokens found
[debug] [2026-01-06T14:19:55.412Z] >>> [apiv2][query] GET https://serviceusage.googleapis.com/v1/projects//services/firebaseappdistribution.googleapis.com [none]
[debug] [2026-01-06T14:19:55.412Z] >>> [apiv2][(partial)header] GET https://serviceusage.googleapis.com/v1/projects//services/firebaseappdistribution.googleapis.com x-goog-quota-user=projects/
[debug] [2026-01-06T14:19:55.440Z] No OAuth tokens found
[debug] [2026-01-06T14:19:55.440Z] >>> [apiv2][query] GET https://serviceusage.googleapis.com/v1/projects//services/firebaseappdistribution.googleapis.com [none]
[debug] [2026-01-06T14:19:55.440Z] >>> [apiv2][(partial)header] GET https://serviceusage.googleapis.com/v1/projects//services/firebaseappdistribution.googleapis.com x-goog-quota-user=projects/
[debug] [2026-01-06T14:19:55.451Z] No OAuth tokens found
[debug] [2026-01-06T14:19:55.451Z] >>> [apiv2][query] GET https://serviceusage.googleapis.com/v1/projects//services/firebaseappdistribution.googleapis.com [none]
[debug] [2026-01-06T14:19:55.451Z] >>> [apiv2][(partial)header] GET https://serviceusage.googleapis.com/v1/projects//services/firebaseappdistribution.googleapis.com x-goog-quota-user=projects/
[debug] [2026-01-06T14:19:55.455Z] No OAuth tokens found
[debug] [2026-01-06T14:19:55.456Z] >>> [apiv2][query] GET https://serviceusage.googleapis.com/v1/projects//services/firebaseappdistribution.googleapis.com [none]
[debug] [2026-01-06T14:19:55.456Z] >>> [apiv2][(partial)header] GET https://serviceusage.googleapis.com/v1/projects//services/firebaseappdistribution.googleapis.com x-goog-quota-user=projects/
[debug] [2026-01-06T14:19:56.076Z] <<< [apiv2][status] GET https://serviceusage.googleapis.com/v1/projects//services/firebaseappdistribution.googleapis.com 400
[debug] [2026-01-06T14:19:56.076Z] <<< [apiv2][body] GET https://serviceusage.googleapis.com/v1/projects//services/firebaseappdistribution.googleapis.com [omitted]
[error] Failed to fetch Firebase Project from Studio Workspace because WORKSPACE_SLUG environment variable is empty
[error] Failed to fetch Firebase Project from Studio Workspace because WORKSPACE_SLUG environment variable is empty
[error] Failed to fetch Firebase Project from Studio Workspace because WORKSPACE_SLUG environment variable is empty
[debug] [2026-01-06T14:19:56.079Z] > command requires scopes: ["email","openid","https://www.googleapis.com/auth/cloudplatformprojects.readonly","https://www.googleapis.com/auth/firebase","https://www.googleapis.com/auth/cloud-platform","https://www.googleapis.com/auth/userinfo.email"]
[debug] [2026-01-06T14:19:56.079Z] > authorizing via signed-in user (aqeelqazem1985@gmail.com)
[error] Failed to fetch Firebase Project from Studio Workspace because WORKSPACE_SLUG environment variable is empty
[debug] [2026-01-06T14:19:56.080Z] > command requires scopes: ["email","openid","https://www.googleapis.com/auth/cloudplatformprojects.readonly","https://www.googleapis.com/auth/firebase","https://www.googleapis.com/auth/cloud-platform","https://www.googleapis.com/auth/userinfo.email"]
[debug] [2026-01-06T14:19:56.080Z] > authorizing via signed-in user (aqeelqazem1985@gmail.com)
[debug] [2026-01-06T14:19:56.082Z] <<< [apiv2][status] GET https://serviceusage.googleapis.com/v1/projects//services/firebaseappdistribution.googleapis.com 400
[debug] [2026-01-06T14:19:56.083Z] <<< [apiv2][body] GET https://serviceusage.googleapis.com/v1/projects//services/firebaseappdistribution.googleapis.com [omitted]
[debug] [2026-01-06T14:19:56.088Z] <<< [apiv2][status] GET https://serviceusage.googleapis.com/v1/projects//services/firebaseappdistribution.googleapis.com 400
[debug] [2026-01-06T14:19:56.088Z] <<< [apiv2][body] GET https://serviceusage.googleapis.com/v1/projects//services/firebaseappdistribution.googleapis.com [omitted]
[error] Failed to fetch Firebase Project from Studio Workspace because WORKSPACE_SLUG environment variable is empty
[error] Failed to fetch Firebase Project from Studio Workspace because WORKSPACE_SLUG environment variable is empty
[error] Failed to fetch Firebase Project from Studio Workspace because WORKSPACE_SLUG environment variable is empty
[debug] [2026-01-06T14:19:56.090Z] > command requires scopes: ["email","openid","https://www.googleapis.com/auth/cloudplatformprojects.readonly","https://www.googleapis.com/auth/firebase","https://www.googleapis.com/auth/cloud-platform","https://www.googleapis.com/auth/userinfo.email"]
[debug] [2026-01-06T14:19:56.090Z] > authorizing via signed-in user (aqeelqazem1985@gmail.com)
[error] Failed to fetch Firebase Project from Studio Workspace because WORKSPACE_SLUG environment variable is empty
[debug] [2026-01-06T14:19:56.091Z] > command requires scopes: ["email","openid","https://www.googleapis.com/auth/cloudplatformprojects.readonly","https://www.googleapis.com/auth/firebase","https://www.googleapis.com/auth/cloud-platform","https://www.googleapis.com/auth/userinfo.email"]
[debug] [2026-01-06T14:19:56.091Z] > authorizing via signed-in user (aqeelqazem1985@gmail.com)
[debug] [2026-01-06T14:19:56.108Z] <<< [apiv2][status] GET https://serviceusage.googleapis.com/v1/projects//services/firebaseappdistribution.googleapis.com 400
[debug] [2026-01-06T14:19:56.108Z] <<< [apiv2][body] GET https://serviceusage.googleapis.com/v1/projects//services/firebaseappdistribution.googleapis.com [omitted]
[error] Failed to fetch Firebase Project from Studio Workspace because WORKSPACE_SLUG environment variable is empty
[error] Failed to fetch Firebase Project from Studio Workspace because WORKSPACE_SLUG environment variable is empty
[error] Failed to fetch Firebase Project from Studio Workspace because WORKSPACE_SLUG environment variable is empty
[debug] [2026-01-06T14:19:56.110Z] > command requires scopes: ["email","openid","https://www.googleapis.com/auth/cloudplatformprojects.readonly","https://www.googleapis.com/auth/firebase","https://www.googleapis.com/auth/cloud-platform","https://www.googleapis.com/auth/userinfo.email"]
[debug] [2026-01-06T14:19:56.110Z] > authorizing via signed-in user (aqeelqazem1985@gmail.com)
[error] Failed to fetch Firebase Project from Studio Workspace because WORKSPACE_SLUG environment variable is empty
[debug] [2026-01-06T14:19:56.111Z] > command requires scopes: ["email","openid","https://www.googleapis.com/auth/cloudplatformprojects.readonly","https://www.googleapis.com/auth/firebase","https://www.googleapis.com/auth/cloud-platform","https://www.googleapis.com/auth/userinfo.email"]
[debug] [2026-01-06T14:19:56.111Z] > authorizing via signed-in user (aqeelqazem1985@gmail.com)
[error] Failed to fetch Firebase Project from Studio Workspace because WORKSPACE_SLUG environment variable is empty
[error] Failed to fetch Firebase Project from Studio Workspace because WORKSPACE_SLUG environment variable is empty
[error] Failed to fetch Firebase Project from Studio Workspace because WORKSPACE_SLUG environment variable is empty
[error] Failed to fetch Firebase Project from Studio Workspace because WORKSPACE_SLUG environment variable is empty
[debug] [2026-01-06T14:25:27.262Z] > command requires scopes: ["email","openid","https://www.googleapis.com/auth/cloudplatformprojects.readonly","https://www.googleapis.com/auth/firebase","https://www.googleapis.com/auth/cloud-platform","https://www.googleapis.com/auth/userinfo.email"]
[debug] [2026-01-06T14:25:27.263Z] > authorizing via signed-in user (aqeelqazem1985@gmail.com)
[debug] [2026-01-06T14:25:27.281Z] > command requires scopes: ["email","openid","https://www.googleapis.com/auth/cloudplatformprojects.readonly","https://www.googleapis.com/auth/firebase","https://www.googleapis.com/auth/cloud-platform","https://www.googleapis.com/auth/userinfo.email"]
[debug] [2026-01-06T14:25:27.282Z] > authorizing via signed-in user (aqeelqazem1985@gmail.com)
[debug] [2026-01-06T14:25:27.339Z] No OAuth tokens found
[debug] [2026-01-06T14:25:27.340Z] No OAuth tokens found
[debug] [2026-01-06T14:25:27.340Z] > command requires scopes: ["email","openid","https://www.googleapis.com/auth/cloudplatformprojects.readonly","https://www.googleapis.com/auth/firebase","https://www.googleapis.com/auth/cloud-platform","https://www.googleapis.com/auth/userinfo.email"]
[debug] [2026-01-06T14:25:27.340Z] > authorizing via signed-in user (aqeelqazem1985@gmail.com)
[debug] [2026-01-06T14:25:27.342Z] >>> [apiv2][query] GET https://serviceusage.googleapis.com/v1/projects//services/firebaseappdistribution.googleapis.com [none]
[debug] [2026-01-06T14:25:27.342Z] >>> [apiv2][(partial)header] GET https://serviceusage.googleapis.com/v1/projects//services/firebaseappdistribution.googleapis.com x-goog-quota-user=projects/
[debug] [2026-01-06T14:25:27.366Z] No OAuth tokens found
[debug] [2026-01-06T14:25:27.367Z] No OAuth tokens found
[debug] [2026-01-06T14:25:27.367Z] > command requires scopes: ["email","openid","https://www.googleapis.com/auth/cloudplatformprojects.readonly","https://www.googleapis.com/auth/firebase","https://www.googleapis.com/auth/cloud-platform","https://www.googleapis.com/auth/userinfo.email"]
[debug] [2026-01-06T14:25:27.367Z] > authorizing via signed-in user (aqeelqazem1985@gmail.com)
[debug] [2026-01-06T14:25:27.367Z] >>> [apiv2][query] GET https://serviceusage.googleapis.com/v1/projects//services/firebaseappdistribution.googleapis.com [none]
[debug] [2026-01-06T14:25:27.367Z] >>> [apiv2][(partial)header] GET https://serviceusage.googleapis.com/v1/projects//services/firebaseappdistribution.googleapis.com x-goog-quota-user=projects/
[debug] [2026-01-06T14:25:27.993Z] <<< [apiv2][status] GET https://serviceusage.googleapis.com/v1/projects//services/firebaseappdistribution.googleapis.com 400
[debug] [2026-01-06T14:25:27.993Z] <<< [apiv2][body] GET https://serviceusage.googleapis.com/v1/projects//services/firebaseappdistribution.googleapis.com [omitted]
[error] Failed to fetch Firebase Project from Studio Workspace because WORKSPACE_SLUG environment variable is empty
[error] Failed to fetch Firebase Project from Studio Workspace because WORKSPACE_SLUG environment variable is empty
[error] Failed to fetch Firebase Project from Studio Workspace because WORKSPACE_SLUG environment variable is empty
[debug] [2026-01-06T14:25:27.996Z] > command requires scopes: ["email","openid","https://www.googleapis.com/auth/cloudplatformprojects.readonly","https://www.googleapis.com/auth/firebase","https://www.googleapis.com/auth/cloud-platform","https://www.googleapis.com/auth/userinfo.email"]
[debug] [2026-01-06T14:25:27.996Z] > authorizing via signed-in user (aqeelqazem1985@gmail.com)
[error] Failed to fetch Firebase Project from Studio Workspace because WORKSPACE_SLUG environment variable is empty
[debug] [2026-01-06T14:25:27.997Z] > command requires scopes: ["email","openid","https://www.googleapis.com/auth/cloudplatformprojects.readonly","https://www.googleapis.com/auth/firebase","https://www.googleapis.com/auth/cloud-platform","https://www.googleapis.com/auth/userinfo.email"]
[debug] [2026-01-06T14:25:27.997Z] > authorizing via signed-in user (aqeelqazem1985@gmail.com)
[error] Failed to fetch Firebase Project from Studio Workspace because WORKSPACE_SLUG environment variable is empty
[error] Failed to fetch Firebase Project from Studio Workspace because WORKSPACE_SLUG environment variable is empty
[error] Failed to fetch Firebase Project from Studio Workspace because WORKSPACE_SLUG environment variable is empty
[debug] [2026-01-06T14:25:28.004Z] > command requires scopes: ["email","openid","https://www.googleapis.com/auth/cloudplatformprojects.readonly","https://www.googleapis.com/auth/firebase","https://www.googleapis.com/auth/cloud-platform","https://www.googleapis.com/auth/userinfo.email"]
[debug] [2026-01-06T14:25:28.004Z] > authorizing via signed-in user (aqeelqazem1985@gmail.com)
[error] Failed to fetch Firebase Project from Studio Workspace because WORKSPACE_SLUG environment variable is empty
[debug] [2026-01-06T14:25:28.006Z] > command requires scopes: ["email","openid","https://www.googleapis.com/auth/cloudplatformprojects.readonly","https://www.googleapis.com/auth/firebase","https://www.googleapis.com/auth/cloud-platform","https://www.googleapis.com/auth/userinfo.email"]
[debug] [2026-01-06T14:25:28.006Z] > authorizing via signed-in user (aqeelqazem1985@gmail.com)
[error] Failed to fetch Firebase Project from Studio Workspace because WORKSPACE_SLUG environment variable is empty
[error] Failed to fetch Firebase Project from Studio Workspace because WORKSPACE_SLUG environment variable is empty
[error] Failed to fetch Firebase Project from Studio Workspace because WORKSPACE_SLUG environment variable is empty
[debug] [2026-01-06T14:25:28.010Z] > command requires scopes: ["email","openid","https://www.googleapis.com/auth/cloudplatformprojects.readonly","https://www.googleapis.com/auth/firebase","https://www.googleapis.com/auth/cloud-platform","https://www.googleapis.com/auth/userinfo.email"]
[debug] [2026-01-06T14:25:28.010Z] > authorizing via signed-in user (aqeelqazem1985@gmail.com)
[error] Failed to fetch Firebase Project from Studio Workspace because WORKSPACE_SLUG environment variable is empty
[debug] [2026-01-06T14:25:28.010Z] > command requires scopes: ["email","openid","https://www.googleapis.com/auth/cloudplatformprojects.readonly","https://www.googleapis.com/auth/firebase","https://www.googleapis.com/auth/cloud-platform","https://www.googleapis.com/auth/userinfo.email"]
[debug] [2026-01-06T14:25:28.011Z] > authorizing via signed-in user (aqeelqazem1985@gmail.com)
[debug] [2026-01-06T14:25:28.014Z] <<< [apiv2][status] GET https://serviceusage.googleapis.com/v1/projects//services/firebaseappdistribution.googleapis.com 400
[debug] [2026-01-06T14:25:28.014Z] <<< [apiv2][body] GET https://serviceusage.googleapis.com/v1/projects//services/firebaseappdistribution.googleapis.com [omitted]
[error] Failed to fetch Firebase Project from Studio Workspace because WORKSPACE_SLUG environment variable is empty
[error] Failed to fetch Firebase Project from Studio Workspace because WORKSPACE_SLUG environment variable is empty
[error] Failed to fetch Firebase Project from Studio Workspace because WORKSPACE_SLUG environment variable is empty
[error] Failed to fetch Firebase Project from Studio Workspace because WORKSPACE_SLUG environment variable is empty
[debug] [2026-01-06T14:29:40.899Z] > command requires scopes: ["email","openid","https://www.googleapis.com/auth/cloudplatformprojects.readonly","https://www.googleapis.com/auth/firebase","https://www.googleapis.com/auth/cloud-platform","https://www.googleapis.com/auth/userinfo.email"]
[debug] [2026-01-06T14:29:40.900Z] > authorizing via signed-in user (aqeelqazem1985@gmail.com)
[debug] [2026-01-06T14:29:40.915Z] > command requires scopes: ["email","openid","https://www.googleapis.com/auth/cloudplatformprojects.readonly","https://www.googleapis.com/auth/firebase","https://www.googleapis.com/auth/cloud-platform","https://www.googleapis.com/auth/userinfo.email"]
[debug] [2026-01-06T14:29:40.915Z] > authorizing via signed-in user (aqeelqazem1985@gmail.com)
[debug] [2026-01-06T14:29:40.980Z] No OAuth tokens found
[debug] [2026-01-06T14:29:40.980Z] No OAuth tokens found
[debug] [2026-01-06T14:29:40.980Z] > command requires scopes: ["email","openid","https://www.googleapis.com/auth/cloudplatformprojects.readonly","https://www.googleapis.com/auth/firebase","https://www.googleapis.com/auth/cloud-platform","https://www.googleapis.com/auth/userinfo.email"]
[debug] [2026-01-06T14:29:40.981Z] > authorizing via signed-in user (aqeelqazem1985@gmail.com)
[debug] [2026-01-06T14:29:40.982Z] >>> [apiv2][query] GET https://serviceusage.googleapis.com/v1/projects//services/firebaseappdistribution.googleapis.com [none]
[debug] [2026-01-06T14:29:40.982Z] >>> [apiv2][(partial)header] GET https://serviceusage.googleapis.com/v1/projects//services/firebaseappdistribution.googleapis.com x-goog-quota-user=projects/
[debug] [2026-01-06T14:29:41.011Z] No OAuth tokens found
[debug] [2026-01-06T14:29:41.011Z] No OAuth tokens found
[debug] [2026-01-06T14:29:41.011Z] > command requires scopes: ["email","openid","https://www.googleapis.com/auth/cloudplatformprojects.readonly","https://www.googleapis.com/auth/firebase","https://www.googleapis.com/auth/cloud-platform","https://www.googleapis.com/auth/userinfo.email"]
[debug] [2026-01-06T14:29:41.012Z] > authorizing via signed-in user (aqeelqazem1985@gmail.com)
[debug] [2026-01-06T14:29:41.012Z] >>> [apiv2][query] GET https://serviceusage.googleapis.com/v1/projects//services/firebaseappdistribution.googleapis.com [none]
[debug] [2026-01-06T14:29:41.012Z] >>> [apiv2][(partial)header] GET https://serviceusage.googleapis.com/v1/projects//services/firebaseappdistribution.googleapis.com x-goog-quota-user=projects/
[debug] [2026-01-06T14:29:41.640Z] <<< [apiv2][status] GET https://serviceusage.googleapis.com/v1/projects//services/firebaseappdistribution.googleapis.com 400
[debug] [2026-01-06T14:29:41.641Z] <<< [apiv2][body] GET https://serviceusage.googleapis.com/v1/projects//services/firebaseappdistribution.googleapis.com [omitted]
[debug] [2026-01-06T14:29:41.642Z] <<< [apiv2][status] GET https://serviceusage.googleapis.com/v1/projects//services/firebaseappdistribution.googleapis.com 400
[debug] [2026-01-06T14:29:41.643Z] <<< [apiv2][body] GET https://serviceusage.googleapis.com/v1/projects//services/firebaseappdistribution.googleapis.com [omitted]
[error] Failed to fetch Firebase Project from Studio Workspace because WORKSPACE_SLUG environment variable is empty
[error] Failed to fetch Firebase Project from Studio Workspace because WORKSPACE_SLUG environment variable is empty
[error] Failed to fetch Firebase Project from Studio Workspace because WORKSPACE_SLUG environment variable is empty
[debug] [2026-01-06T14:29:41.645Z] > command requires scopes: ["email","openid","https://www.googleapis.com/auth/cloudplatformprojects.readonly","https://www.googleapis.com/auth/firebase","https://www.googleapis.com/auth/cloud-platform","https://www.googleapis.com/auth/userinfo.email"]
[debug] [2026-01-06T14:29:41.645Z] > authorizing via signed-in user (aqeelqazem1985@gmail.com)
[error] Failed to fetch Firebase Project from Studio Workspace because WORKSPACE_SLUG environment variable is empty
[debug] [2026-01-06T14:29:41.646Z] > command requires scopes: ["email","openid","https://www.googleapis.com/auth/cloudplatformprojects.readonly","https://www.googleapis.com/auth/firebase","https://www.googleapis.com/auth/cloud-platform","https://www.googleapis.com/auth/userinfo.email"]
[debug] [2026-01-06T14:29:41.646Z] > authorizing via signed-in user (aqeelqazem1985@gmail.com)
[error] Failed to fetch Firebase Project from Studio Workspace because WORKSPACE_SLUG environment variable is empty
[error] Failed to fetch Firebase Project from Studio Workspace because WORKSPACE_SLUG environment variable is empty
[error] Failed to fetch Firebase Project from Studio Workspace because WORKSPACE_SLUG environment variable is empty
[error] Failed to fetch Firebase Project from Studio Workspace because WORKSPACE_SLUG environment variable is empty
[error] Failed to fetch Firebase Project from Studio Workspace because WORKSPACE_SLUG environment variable is empty
[error] Failed to fetch Firebase Project from Studio Workspace because WORKSPACE_SLUG environment variable is empty
[debug] [2026-01-06T14:29:41.656Z] > command requires scopes: ["email","openid","https://www.googleapis.com/auth/cloudplatformprojects.readonly","https://www.googleapis.com/auth/firebase","https://www.googleapis.com/auth/cloud-platform","https://www.googleapis.com/auth/userinfo.email"]
[debug] [2026-01-06T14:29:41.656Z] > authorizing via signed-in user (aqeelqazem1985@gmail.com)
[debug] [2026-01-06T14:29:41.657Z] > command requires scopes: ["email","openid","https://www.googleapis.com/auth/cloudplatformprojects.readonly","https://www.googleapis.com/auth/firebase","https://www.googleapis.com/auth/cloud-platform","https://www.googleapis.com/auth/userinfo.email"]
[debug] [2026-01-06T14:29:41.657Z] > authorizing via signed-in user (aqeelqazem1985@gmail.com)
[error] Failed to fetch Firebase Project from Studio Workspace because WORKSPACE_SLUG environment variable is empty
[error] Failed to fetch Firebase Project from Studio Workspace because WORKSPACE_SLUG environment variable is empty
[debug] [2026-01-06T14:29:41.659Z] > command requires scopes: ["email","openid","https://www.googleapis.com/auth/cloudplatformprojects.readonly","https://www.googleapis.com/auth/firebase","https://www.googleapis.com/auth/cloud-platform","https://www.googleapis.com/auth/userinfo.email"]
[debug] [2026-01-06T14:29:41.659Z] > authorizing via signed-in user (aqeelqazem1985@gmail.com)
[debug] [2026-01-06T14:29:41.659Z] > command requires scopes: ["email","openid","https://www.googleapis.com/auth/cloudplatformprojects.readonly","https://www.googleapis.com/auth/firebase","https://www.googleapis.com/auth/cloud-platform","https://www.googleapis.com/auth/userinfo.email"]
[debug] [2026-01-06T14:29:41.659Z] > authorizing via signed-in user (aqeelqazem1985@gmail.com)
[error] Failed to fetch Firebase Project from Studio Workspace because WORKSPACE_SLUG environment variable is empty
[error] Failed to fetch Firebase Project from Studio Workspace because WORKSPACE_SLUG environment variable is empty
[error] Failed to fetch Firebase Project from Studio Workspace because WORKSPACE_SLUG environment variable is empty
[error] Failed to fetch Firebase Project from Studio Workspace because WORKSPACE_SLUG environment variable is empty
[debug] [2026-01-06T14:34:09.783Z] > command requires scopes: ["email","openid","https://www.googleapis.com/auth/cloudplatformprojects.readonly","https://www.googleapis.com/auth/firebase","https://www.googleapis.com/auth/cloud-platform","https://www.googleapis.com/auth/userinfo.email"]
[debug] [2026-01-06T14:34:09.784Z] > authorizing via signed-in user (aqeelqazem1985@gmail.com)
[debug] [2026-01-06T14:34:09.799Z] > command requires scopes: ["email","openid","https://www.googleapis.com/auth/cloudplatformprojects.readonly","https://www.googleapis.com/auth/firebase","https://www.googleapis.com/auth/cloud-platform","https://www.googleapis.com/auth/userinfo.email"]
[debug] [2026-01-06T14:34:09.799Z] > authorizing via signed-in user (aqeelqazem1985@gmail.com)
[debug] [2026-01-06T14:34:09.873Z] No OAuth tokens found
[debug] [2026-01-06T14:34:09.873Z] No OAuth tokens found
[debug] [2026-01-06T14:34:09.874Z] > command requires scopes: ["email","openid","https://www.googleapis.com/auth/cloudplatformprojects.readonly","https://www.googleapis.com/auth/firebase","https://www.googleapis.com/auth/cloud-platform","https://www.googleapis.com/auth/userinfo.email"]
[debug] [2026-01-06T14:34:09.877Z] > authorizing via signed-in user (aqeelqazem1985@gmail.com)
[debug] [2026-01-06T14:34:09.879Z] >>> [apiv2][query] GET https://serviceusage.googleapis.com/v1/projects//services/firebaseappdistribution.googleapis.com [none]
[debug] [2026-01-06T14:34:09.880Z] >>> [apiv2][(partial)header] GET https://serviceusage.googleapis.com/v1/projects//services/firebaseappdistribution.googleapis.com x-goog-quota-user=projects/
[debug] [2026-01-06T14:34:09.920Z] No OAuth tokens found
[debug] [2026-01-06T14:34:09.921Z] No OAuth tokens found
[debug] [2026-01-06T14:34:09.921Z] > command requires scopes: ["email","openid","https://www.googleapis.com/auth/cloudplatformprojects.readonly","https://www.googleapis.com/auth/firebase","https://www.googleapis.com/auth/cloud-platform","https://www.googleapis.com/auth/userinfo.email"]
[debug] [2026-01-06T14:34:09.921Z] > authorizing via signed-in user (aqeelqazem1985@gmail.com)
[debug] [2026-01-06T14:34:09.921Z] >>> [apiv2][query] GET https://serviceusage.googleapis.com/v1/projects//services/firebaseappdistribution.googleapis.com [none]
[debug] [2026-01-06T14:34:09.921Z] >>> [apiv2][(partial)header] GET https://serviceusage.googleapis.com/v1/projects//services/firebaseappdistribution.googleapis.com x-goog-quota-user=projects/
[debug] [2026-01-06T14:34:10.560Z] <<< [apiv2][status] GET https://serviceusage.googleapis.com/v1/projects//services/firebaseappdistribution.googleapis.com 400
[debug] [2026-01-06T14:34:10.560Z] <<< [apiv2][body] GET https://serviceusage.googleapis.com/v1/projects//services/firebaseappdistribution.googleapis.com [omitted]
[error] Failed to fetch Firebase Project from Studio Workspace because WORKSPACE_SLUG environment variable is empty
[error] Failed to fetch Firebase Project from Studio Workspace because WORKSPACE_SLUG environment variable is empty
[error] Failed to fetch Firebase Project from Studio Workspace because WORKSPACE_SLUG environment variable is empty
[debug] [2026-01-06T14:34:10.563Z] > command requires scopes: ["email","openid","https://www.googleapis.com/auth/cloudplatformprojects.readonly","https://www.googleapis.com/auth/firebase","https://www.googleapis.com/auth/cloud-platform","https://www.googleapis.com/auth/userinfo.email"]
[debug] [2026-01-06T14:34:10.563Z] > authorizing via signed-in user (aqeelqazem1985@gmail.com)
[error] Failed to fetch Firebase Project from Studio Workspace because WORKSPACE_SLUG environment variable is empty
[debug] [2026-01-06T14:34:10.565Z] > command requires scopes: ["email","openid","https://www.googleapis.com/auth/cloudplatformprojects.readonly","https://www.googleapis.com/auth/firebase","https://www.googleapis.com/auth/cloud-platform","https://www.googleapis.com/auth/userinfo.email"]
[debug] [2026-01-06T14:34:10.565Z] > authorizing via signed-in user (aqeelqazem1985@gmail.com)
[error] Failed to fetch Firebase Project from Studio Workspace because WORKSPACE_SLUG environment variable is empty
[error] Failed to fetch Firebase Project from Studio Workspace because WORKSPACE_SLUG environment variable is empty
[error] Failed to fetch Firebase Project from Studio Workspace because WORKSPACE_SLUG environment variable is empty
[error] Failed to fetch Firebase Project from Studio Workspace because WORKSPACE_SLUG environment variable is empty
[error] Failed to fetch Firebase Project from Studio Workspace because WORKSPACE_SLUG environment variable is empty
[error] Failed to fetch Firebase Project from Studio Workspace because WORKSPACE_SLUG environment variable is empty
[debug] [2026-01-06T14:34:10.576Z] > command requires scopes: ["email","openid","https://www.googleapis.com/auth/cloudplatformprojects.readonly","https://www.googleapis.com/auth/firebase","https://www.googleapis.com/auth/cloud-platform","https://www.googleapis.com/auth/userinfo.email"]
[debug] [2026-01-06T14:34:10.576Z] > authorizing via signed-in user (aqeelqazem1985@gmail.com)
[debug] [2026-01-06T14:34:10.577Z] > command requires scopes: ["email","openid","https://www.googleapis.com/auth/cloudplatformprojects.readonly","https://www.googleapis.com/auth/firebase","https://www.googleapis.com/auth/cloud-platform","https://www.googleapis.com/auth/userinfo.email"]
[debug] [2026-01-06T14:34:10.577Z] > authorizing via signed-in user (aqeelqazem1985@gmail.com)
[error] Failed to fetch Firebase Project from Studio Workspace because WORKSPACE_SLUG environment variable is empty
[error] Failed to fetch Firebase Project from Studio Workspace because WORKSPACE_SLUG environment variable is empty
[debug] [2026-01-06T14:34:10.579Z] > command requires scopes: ["email","openid","https://www.googleapis.com/auth/cloudplatformprojects.readonly","https://www.googleapis.com/auth/firebase","https://www.googleapis.com/auth/cloud-platform","https://www.googleapis.com/auth/userinfo.email"]
[debug] [2026-01-06T14:34:10.579Z] > authorizing via signed-in user (aqeelqazem1985@gmail.com)
[debug] [2026-01-06T14:34:10.579Z] > command requires scopes: ["email","openid","https://www.googleapis.com/auth/cloudplatformprojects.readonly","https://www.googleapis.com/auth/firebase","https://www.googleapis.com/auth/cloud-platform","https://www.googleapis.com/auth/userinfo.email"]
[debug] [2026-01-06T14:34:10.580Z] > authorizing via signed-in user (aqeelqazem1985@gmail.com)
[debug] [2026-01-06T14:34:10.584Z] <<< [apiv2][status] GET https://serviceusage.googleapis.com/v1/projects//services/firebaseappdistribution.googleapis.com 400
[debug] [2026-01-06T14:34:10.584Z] <<< [apiv2][body] GET https://serviceusage.googleapis.com/v1/projects//services/firebaseappdistribution.googleapis.com [omitted]
[error] Failed to fetch Firebase Project from Studio Workspace because WORKSPACE_SLUG environment variable is empty
[error] Failed to fetch Firebase Project from Studio Workspace because WORKSPACE_SLUG environment variable is empty
[debug] [2026-01-06T14:37:05.801Z] > command requires scopes: ["email","openid","https://www.googleapis.com/auth/cloudplatformprojects.readonly","https://www.googleapis.com/auth/firebase","https://www.googleapis.com/auth/cloud-platform","https://www.googleapis.com/auth/userinfo.email"]
[debug] [2026-01-06T14:37:05.801Z] > authorizing via signed-in user (aqeelqazem1985@gmail.com)
[error] Failed to fetch Firebase Project from Studio Workspace because WORKSPACE_SLUG environment variable is empty
[error] Failed to fetch Firebase Project from Studio Workspace because WORKSPACE_SLUG environment variable is empty
[debug] [2026-01-06T14:37:05.822Z] > command requires scopes: ["email","openid","https://www.googleapis.com/auth/cloudplatformprojects.readonly","https://www.googleapis.com/auth/firebase","https://www.googleapis.com/auth/cloud-platform","https://www.googleapis.com/auth/userinfo.email"]
[debug] [2026-01-06T14:37:05.823Z] > authorizing via signed-in user (aqeelqazem1985@gmail.com)
[debug] [2026-01-06T14:37:05.872Z] No OAuth tokens found
[debug] [2026-01-06T14:37:05.872Z] No OAuth tokens found
[debug] [2026-01-06T14:37:05.873Z] > command requires scopes: ["email","openid","https://www.googleapis.com/auth/cloudplatformprojects.readonly","https://www.googleapis.com/auth/firebase","https://www.googleapis.com/auth/cloud-platform","https://www.googleapis.com/auth/userinfo.email"]
[debug] [2026-01-06T14:37:05.873Z] > authorizing via signed-in user (aqeelqazem1985@gmail.com)
[debug] [2026-01-06T14:37:05.874Z] >>> [apiv2][query] GET https://serviceusage.googleapis.com/v1/projects//services/firebaseappdistribution.googleapis.com [none]
[debug] [2026-01-06T14:37:05.874Z] >>> [apiv2][(partial)header] GET https://serviceusage.googleapis.com/v1/projects//services/firebaseappdistribution.googleapis.com x-goog-quota-user=projects/
[debug] [2026-01-06T14:37:05.898Z] No OAuth tokens found
[debug] [2026-01-06T14:37:05.898Z] No OAuth tokens found
[debug] [2026-01-06T14:37:05.899Z] > command requires scopes: ["email","openid","https://www.googleapis.com/auth/cloudplatformprojects.readonly","https://www.googleapis.com/auth/firebase","https://www.googleapis.com/auth/cloud-platform","https://www.googleapis.com/auth/userinfo.email"]
[debug] [2026-01-06T14:37:05.899Z] > authorizing via signed-in user (aqeelqazem1985@gmail.com)
[debug] [2026-01-06T14:37:05.899Z] >>> [apiv2][query] GET https://serviceusage.googleapis.com/v1/projects//services/firebaseappdistribution.googleapis.com [none]
[debug] [2026-01-06T14:37:05.899Z] >>> [apiv2][(partial)header] GET https://serviceusage.googleapis.com/v1/projects//services/firebaseappdistribution.googleapis.com x-goog-quota-user=projects/
[debug] [2026-01-06T14:37:06.525Z] <<< [apiv2][status] GET https://serviceusage.googleapis.com/v1/projects//services/firebaseappdistribution.googleapis.com 400
[debug] [2026-01-06T14:37:06.525Z] <<< [apiv2][body] GET https://serviceusage.googleapis.com/v1/projects//services/firebaseappdistribution.googleapis.com [omitted]
[error] Failed to fetch Firebase Project from Studio Workspace because WORKSPACE_SLUG environment variable is empty
[error] Failed to fetch Firebase Project from Studio Workspace because WORKSPACE_SLUG environment variable is empty
[error] Failed to fetch Firebase Project from Studio Workspace because WORKSPACE_SLUG environment variable is empty
[debug] [2026-01-06T14:37:06.527Z] > command requires scopes: ["email","openid","https://www.googleapis.com/auth/cloudplatformprojects.readonly","https://www.googleapis.com/auth/firebase","https://www.googleapis.com/auth/cloud-platform","https://www.googleapis.com/auth/userinfo.email"]
[debug] [2026-01-06T14:37:06.527Z] > authorizing via signed-in user (aqeelqazem1985@gmail.com)
[error] Failed to fetch Firebase Project from Studio Workspace because WORKSPACE_SLUG environment variable is empty
[debug] [2026-01-06T14:37:06.528Z] > command requires scopes: ["email","openid","https://www.googleapis.com/auth/cloudplatformprojects.readonly","https://www.googleapis.com/auth/firebase","https://www.googleapis.com/auth/cloud-platform","https://www.googleapis.com/auth/userinfo.email"]
[debug] [2026-01-06T14:37:06.528Z] > authorizing via signed-in user (aqeelqazem1985@gmail.com)
[error] Failed to fetch Firebase Project from Studio Workspace because WORKSPACE_SLUG environment variable is empty
[error] Failed to fetch Firebase Project from Studio Workspace because WORKSPACE_SLUG environment variable is empty
[error] Failed to fetch Firebase Project from Studio Workspace because WORKSPACE_SLUG environment variable is empty
[error] Failed to fetch Firebase Project from Studio Workspace because WORKSPACE_SLUG environment variable is empty
[error] Failed to fetch Firebase Project from Studio Workspace because WORKSPACE_SLUG environment variable is empty
[error] Failed to fetch Firebase Project from Studio Workspace because WORKSPACE_SLUG environment variable is empty
[debug] [2026-01-06T14:37:06.540Z] > command requires scopes: ["email","openid","https://www.googleapis.com/auth/cloudplatformprojects.readonly","https://www.googleapis.com/auth/firebase","https://www.googleapis.com/auth/cloud-platform","https://www.googleapis.com/auth/userinfo.email"]
[debug] [2026-01-06T14:37:06.540Z] > authorizing via signed-in user (aqeelqazem1985@gmail.com)
[debug] [2026-01-06T14:37:06.540Z] > command requires scopes: ["email","openid","https://www.googleapis.com/auth/cloudplatformprojects.readonly","https://www.googleapis.com/auth/firebase","https://www.googleapis.com/auth/cloud-platform","https://www.googleapis.com/auth/userinfo.email"]
[debug] [2026-01-06T14:37:06.540Z] > authorizing via signed-in user (aqeelqazem1985@gmail.com)
[error] Failed to fetch Firebase Project from Studio Workspace because WORKSPACE_SLUG environment variable is empty
[error] Failed to fetch Firebase Project from Studio Workspace because WORKSPACE_SLUG environment variable is empty
[debug] [2026-01-06T14:37:06.543Z] > command requires scopes: ["email","openid","https://www.googleapis.com/auth/cloudplatformprojects.readonly","https://www.googleapis.com/auth/firebase","https://www.googleapis.com/auth/cloud-platform","https://www.googleapis.com/auth/userinfo.email"]
[debug] [2026-01-06T14:37:06.544Z] > authorizing via signed-in user (aqeelqazem1985@gmail.com)
[debug] [2026-01-06T14:37:06.544Z] > command requires scopes: ["email","openid","https://www.googleapis.com/auth/cloudplatformprojects.readonly","https://www.googleapis.com/auth/firebase","https://www.googleapis.com/auth/cloud-platform","https://www.googleapis.com/auth/userinfo.email"]
[debug] [2026-01-06T14:37:06.544Z] > authorizing via signed-in user (aqeelqazem1985@gmail.com)
[debug] [2026-01-06T14:37:06.546Z] <<< [apiv2][status] GET https://serviceusage.googleapis.com/v1/projects//services/firebaseappdistribution.googleapis.com 400
[debug] [2026-01-06T14:37:06.546Z] <<< [apiv2][body] GET https://serviceusage.googleapis.com/v1/projects//services/firebaseappdistribution.googleapis.com [omitted]
[error] Failed to fetch Firebase Project from Studio Workspace because WORKSPACE_SLUG environment variable is empty
[error] Failed to fetch Firebase Project from Studio Workspace because WORKSPACE_SLUG environment variable is empty
[error] Failed to fetch Firebase Project from Studio Workspace because WORKSPACE_SLUG environment variable is empty
[error] Failed to fetch Firebase Project from Studio Workspace because WORKSPACE_SLUG environment variable is empty
[debug] [2026-01-06T16:11:02.892Z] > command requires scopes: ["email","openid","https://www.googleapis.com/auth/cloudplatformprojects.readonly","https://www.googleapis.com/auth/firebase","https://www.googleapis.com/auth/cloud-platform","https://www.googleapis.com/auth/userinfo.email"]
[debug] [2026-01-06T16:11:02.912Z] > command requires scopes: ["email","openid","https://www.googleapis.com/auth/cloudplatformprojects.readonly","https://www.googleapis.com/auth/firebase","https://www.googleapis.com/auth/cloud-platform","https://www.googleapis.com/auth/userinfo.email"]
[debug] [2026-01-06T16:11:07.495Z] No OAuth tokens found
[debug] [2026-01-06T16:11:07.496Z] No OAuth tokens found
[debug] [2026-01-06T16:11:07.496Z] > command requires scopes: ["email","openid","https://www.googleapis.com/auth/cloudplatformprojects.readonly","https://www.googleapis.com/auth/firebase","https://www.googleapis.com/auth/cloud-platform","https://www.googleapis.com/auth/userinfo.email"]
[debug] [2026-01-06T16:11:07.501Z] No OAuth tokens found
[debug] [2026-01-06T16:11:07.502Z] No OAuth tokens found
[debug] [2026-01-06T16:11:07.502Z] > command requires scopes: ["email","openid","https://www.googleapis.com/auth/cloudplatformprojects.readonly","https://www.googleapis.com/auth/firebase","https://www.googleapis.com/auth/cloud-platform","https://www.googleapis.com/auth/userinfo.email"]
[error] Failed to fetch Firebase Project from Studio Workspace because WORKSPACE_SLUG environment variable is empty
[error] Failed to fetch Firebase Project from Studio Workspace because WORKSPACE_SLUG environment variable is empty
[error] Failed to fetch Firebase Project from Studio Workspace because WORKSPACE_SLUG environment variable is empty
[debug] [2026-01-06T16:11:09.620Z] > command requires scopes: ["email","openid","https://www.googleapis.com/auth/cloudplatformprojects.readonly","https://www.googleapis.com/auth/firebase","https://www.googleapis.com/auth/cloud-platform","https://www.googleapis.com/auth/userinfo.email"]
[debug] [2026-01-06T16:11:18.440Z] Running auto auth
[error] Failed to fetch Firebase Project from Studio Workspace because WORKSPACE_SLUG environment variable is empty
[debug] [2026-01-06T16:11:18.468Z] > command requires scopes: ["email","openid","https://www.googleapis.com/auth/cloudplatformprojects.readonly","https://www.googleapis.com/auth/firebase","https://www.googleapis.com/auth/cloud-platform","https://www.googleapis.com/auth/userinfo.email"]
[debug] [2026-01-06T16:11:18.468Z] > authorizing via signed-in user (aqeelqazem1985@gmail.com)
[error] Failed to fetch Firebase Project from Studio Workspace because WORKSPACE_SLUG environment variable is empty
[error] Failed to fetch Firebase Project from Studio Workspace because WORKSPACE_SLUG environment variable is empty
[error] Failed to fetch Firebase Project from Studio Workspace because WORKSPACE_SLUG environment variable is empty
[debug] [2026-01-06T16:11:18.474Z] > command requires scopes: ["email","openid","https://www.googleapis.com/auth/cloudplatformprojects.readonly","https://www.googleapis.com/auth/firebase","https://www.googleapis.com/auth/cloud-platform","https://www.googleapis.com/auth/userinfo.email"]
[debug] [2026-01-06T16:11:18.475Z] > authorizing via signed-in user (aqeelqazem1985@gmail.com)
[error] Failed to fetch Firebase Project from Studio Workspace because WORKSPACE_SLUG environment variable is empty
[debug] [2026-01-06T16:11:18.476Z] > command requires scopes: ["email","openid","https://www.googleapis.com/auth/cloudplatformprojects.readonly","https://www.googleapis.com/auth/firebase","https://www.googleapis.com/auth/cloud-platform","https://www.googleapis.com/auth/userinfo.email"]
[debug] [2026-01-06T16:11:18.476Z] > authorizing via signed-in user (aqeelqazem1985@gmail.com)
[error] Failed to fetch Firebase Project from Studio Workspace because WORKSPACE_SLUG environment variable is empty
[error] Failed to fetch Firebase Project from Studio Workspace because WORKSPACE_SLUG environment variable is empty
[error] Failed to fetch Firebase Project from Studio Workspace because WORKSPACE_SLUG environment variable is empty
[debug] [2026-01-06T16:11:18.480Z] > command requires scopes: ["email","openid","https://www.googleapis.com/auth/cloudplatformprojects.readonly","https://www.googleapis.com/auth/firebase","https://www.googleapis.com/auth/cloud-platform","https://www.googleapis.com/auth/userinfo.email"]
[debug] [2026-01-06T16:11:18.480Z] > authorizing via signed-in user (aqeelqazem1985@gmail.com)
[error] Failed to fetch Firebase Project from Studio Workspace because WORKSPACE_SLUG environment variable is empty
[debug] [2026-01-06T16:11:18.481Z] > command requires scopes: ["email","openid","https://www.googleapis.com/auth/cloudplatformprojects.readonly","https://www.googleapis.com/auth/firebase","https://www.googleapis.com/auth/cloud-platform","https://www.googleapis.com/auth/userinfo.email"]
[debug] [2026-01-06T16:11:18.481Z] > authorizing via signed-in user (aqeelqazem1985@gmail.com)
[error] Failed to fetch Firebase Project from Studio Workspace because WORKSPACE_SLUG environment variable is empty
[error] Failed to fetch Firebase Project from Studio Workspace because WORKSPACE_SLUG environment variable is empty
[error] Failed to fetch Firebase Project from Studio Workspace because WORKSPACE_SLUG environment variable is empty
[error] Failed to fetch Firebase Project from Studio Workspace because WORKSPACE_SLUG environment variable is empty
[debug] [2026-01-06T16:22:21.245Z] > command requires scopes: ["email","openid","https://www.googleapis.com/auth/cloudplatformprojects.readonly","https://www.googleapis.com/auth/firebase","https://www.googleapis.com/auth/cloud-platform","https://www.googleapis.com/auth/userinfo.email"]
[debug] [2026-01-06T16:22:21.246Z] > authorizing via signed-in user (aqeelqazem1985@gmail.com)
[debug] [2026-01-06T16:22:21.268Z] > command requires scopes: ["email","openid","https://www.googleapis.com/auth/cloudplatformprojects.readonly","https://www.googleapis.com/auth/firebase","https://www.googleapis.com/auth/cloud-platform","https://www.googleapis.com/auth/userinfo.email"]
[debug] [2026-01-06T16:22:21.268Z] > authorizing via signed-in user (aqeelqazem1985@gmail.com)
[debug] [2026-01-06T16:22:21.331Z] No OAuth tokens found
[debug] [2026-01-06T16:22:21.331Z] No OAuth tokens found
[debug] [2026-01-06T16:22:21.331Z] > command requires scopes: ["email","openid","https://www.googleapis.com/auth/cloudplatformprojects.readonly","https://www.googleapis.com/auth/firebase","https://www.googleapis.com/auth/cloud-platform","https://www.googleapis.com/auth/userinfo.email"]
[debug] [2026-01-06T16:22:21.332Z] > authorizing via signed-in user (aqeelqazem1985@gmail.com)
[debug] [2026-01-06T16:22:21.333Z] >>> [apiv2][query] GET https://serviceusage.googleapis.com/v1/projects//services/firebaseappdistribution.googleapis.com [none]
[debug] [2026-01-06T16:22:21.333Z] >>> [apiv2][(partial)header] GET https://serviceusage.googleapis.com/v1/projects//services/firebaseappdistribution.googleapis.com x-goog-quota-user=projects/
[debug] [2026-01-06T16:22:21.366Z] No OAuth tokens found
[debug] [2026-01-06T16:22:21.366Z] No OAuth tokens found
[debug] [2026-01-06T16:22:21.366Z] > command requires scopes: ["email","openid","https://www.googleapis.com/auth/cloudplatformprojects.readonly","https://www.googleapis.com/auth/firebase","https://www.googleapis.com/auth/cloud-platform","https://www.googleapis.com/auth/userinfo.email"]
[debug] [2026-01-06T16:22:21.367Z] > authorizing via signed-in user (aqeelqazem1985@gmail.com)
[debug] [2026-01-06T16:22:21.367Z] >>> [apiv2][query] GET https://serviceusage.googleapis.com/v1/projects//services/firebaseappdistribution.googleapis.com [none]
[debug] [2026-01-06T16:22:21.367Z] >>> [apiv2][(partial)header] GET https://serviceusage.googleapis.com/v1/projects//services/firebaseappdistribution.googleapis.com x-goog-quota-user=projects/
[error] Failed to fetch Firebase Project from Studio Workspace because WORKSPACE_SLUG environment variable is empty
[error] Failed to fetch Firebase Project from Studio Workspace because WORKSPACE_SLUG environment variable is empty
[error] Failed to fetch Firebase Project from Studio Workspace because WORKSPACE_SLUG environment variable is empty
[error] Failed to fetch Firebase Project from Studio Workspace because WORKSPACE_SLUG environment variable is empty
[debug] [2026-01-06T16:22:21.437Z] > command requires scopes: ["email","openid","https://www.googleapis.com/auth/cloudplatformprojects.readonly","https://www.googleapis.com/auth/firebase","https://www.googleapis.com/auth/cloud-platform","https://www.googleapis.com/auth/userinfo.email"]
[debug] [2026-01-06T16:22:21.438Z] > authorizing via signed-in user (aqeelqazem1985@gmail.com)
[debug] [2026-01-06T16:22:21.438Z] > command requires scopes: ["email","openid","https://www.googleapis.com/auth/cloudplatformprojects.readonly","https://www.googleapis.com/auth/firebase","https://www.googleapis.com/auth/cloud-platform","https://www.googleapis.com/auth/userinfo.email"]
[debug] [2026-01-06T16:22:21.438Z] > authorizing via signed-in user (aqeelqazem1985@gmail.com)
[debug] [2026-01-06T16:22:21.492Z] No OAuth tokens found
[debug] [2026-01-06T16:22:21.493Z] No OAuth tokens found
[debug] [2026-01-06T16:22:21.493Z] > command requires scopes: ["email","openid","https://www.googleapis.com/auth/cloudplatformprojects.readonly","https://www.googleapis.com/auth/firebase","https://www.googleapis.com/auth/cloud-platform","https://www.googleapis.com/auth/userinfo.email"]
[debug] [2026-01-06T16:22:21.493Z] > authorizing via signed-in user (aqeelqazem1985@gmail.com)
[debug] [2026-01-06T16:22:21.493Z] >>> [apiv2][query] GET https://serviceusage.googleapis.com/v1/projects//services/firebaseappdistribution.googleapis.com [none]
[debug] [2026-01-06T16:22:21.493Z] >>> [apiv2][(partial)header] GET https://serviceusage.googleapis.com/v1/projects//services/firebaseappdistribution.googleapis.com x-goog-quota-user=projects/
[debug] [2026-01-06T16:22:21.498Z] No OAuth tokens found
[debug] [2026-01-06T16:22:21.498Z] No OAuth tokens found
[debug] [2026-01-06T16:22:21.498Z] > command requires scopes: ["email","openid","https://www.googleapis.com/auth/cloudplatformprojects.readonly","https://www.googleapis.com/auth/firebase","https://www.googleapis.com/auth/cloud-platform","https://www.googleapis.com/auth/userinfo.email"]
[debug] [2026-01-06T16:22:21.498Z] > authorizing via signed-in user (aqeelqazem1985@gmail.com)
[debug] [2026-01-06T16:22:21.499Z] >>> [apiv2][query] GET https://serviceusage.googleapis.com/v1/projects//services/firebaseappdistribution.googleapis.com [none]
[debug] [2026-01-06T16:22:21.499Z] >>> [apiv2][(partial)header] GET https://serviceusage.googleapis.com/v1/projects//services/firebaseappdistribution.googleapis.com x-goog-quota-user=projects/
[debug] [2026-01-06T16:22:21.524Z] <<< [apiv2][status] GET https://serviceusage.googleapis.com/v1/projects//services/firebaseappdistribution.googleapis.com 400
[debug] [2026-01-06T16:22:21.524Z] <<< [apiv2][body] GET https://serviceusage.googleapis.com/v1/projects//services/firebaseappdistribution.googleapis.com [omitted]
[debug] [2026-01-06T16:22:21.985Z] <<< [apiv2][status] GET https://serviceusage.googleapis.com/v1/projects//services/firebaseappdistribution.googleapis.com 400
[debug] [2026-01-06T16:22:21.985Z] <<< [apiv2][body] GET https://serviceusage.googleapis.com/v1/projects//services/firebaseappdistribution.googleapis.com [omitted]
[error] Failed to fetch Firebase Project from Studio Workspace because WORKSPACE_SLUG environment variable is empty
[error] Failed to fetch Firebase Project from Studio Workspace because WORKSPACE_SLUG environment variable is empty
[error] Failed to fetch Firebase Project from Studio Workspace because WORKSPACE_SLUG environment variable is empty
[debug] [2026-01-06T16:22:21.988Z] > command requires scopes: ["email","openid","https://www.googleapis.com/auth/cloudplatformprojects.readonly","https://www.googleapis.com/auth/firebase","https://www.googleapis.com/auth/cloud-platform","https://www.googleapis.com/auth/userinfo.email"]
[debug] [2026-01-06T16:22:21.988Z] > authorizing via signed-in user (aqeelqazem1985@gmail.com)
[error] Failed to fetch Firebase Project from Studio Workspace because WORKSPACE_SLUG environment variable is empty
[debug] [2026-01-06T16:22:21.989Z] > command requires scopes: ["email","openid","https://www.googleapis.com/auth/cloudplatformprojects.readonly","https://www.googleapis.com/auth/firebase","https://www.googleapis.com/auth/cloud-platform","https://www.googleapis.com/auth/userinfo.email"]
[debug] [2026-01-06T16:22:21.989Z] > authorizing via signed-in user (aqeelqazem1985@gmail.com)
[error] Failed to fetch Firebase Project from Studio Workspace because WORKSPACE_SLUG environment variable is empty
[error] Failed to fetch Firebase Project from Studio Workspace because WORKSPACE_SLUG environment variable is empty
[error] Failed to fetch Firebase Project from Studio Workspace because WORKSPACE_SLUG environment variable is empty
[debug] [2026-01-06T16:22:21.994Z] > command requires scopes: ["email","openid","https://www.googleapis.com/auth/cloudplatformprojects.readonly","https://www.googleapis.com/auth/firebase","https://www.googleapis.com/auth/cloud-platform","https://www.googleapis.com/auth/userinfo.email"]
[debug] [2026-01-06T16:22:21.994Z] > authorizing via signed-in user (aqeelqazem1985@gmail.com)
[error] Failed to fetch Firebase Project from Studio Workspace because WORKSPACE_SLUG environment variable is empty
[debug] [2026-01-06T16:22:21.995Z] > command requires scopes: ["email","openid","https://www.googleapis.com/auth/cloudplatformprojects.readonly","https://www.googleapis.com/auth/firebase","https://www.googleapis.com/auth/cloud-platform","https://www.googleapis.com/auth/userinfo.email"]
[debug] [2026-01-06T16:22:21.995Z] > authorizing via signed-in user (aqeelqazem1985@gmail.com)
[error] Failed to fetch Firebase Project from Studio Workspace because WORKSPACE_SLUG environment variable is empty
[error] Failed to fetch Firebase Project from Studio Workspace because WORKSPACE_SLUG environment variable is empty
[error] Failed to fetch Firebase Project from Studio Workspace because WORKSPACE_SLUG environment variable is empty
[debug] [2026-01-06T16:22:21.997Z] > command requires scopes: ["email","openid","https://www.googleapis.com/auth/cloudplatformprojects.readonly","https://www.googleapis.com/auth/firebase","https://www.googleapis.com/auth/cloud-platform","https://www.googleapis.com/auth/userinfo.email"]
[debug] [2026-01-06T16:22:21.997Z] > authorizing via signed-in user (aqeelqazem1985@gmail.com)
[error] Failed to fetch Firebase Project from Studio Workspace because WORKSPACE_SLUG environment variable is empty
[debug] [2026-01-06T16:22:21.998Z] > command requires scopes: ["email","openid","https://www.googleapis.com/auth/cloudplatformprojects.readonly","https://www.googleapis.com/auth/firebase","https://www.googleapis.com/auth/cloud-platform","https://www.googleapis.com/auth/userinfo.email"]
[debug] [2026-01-06T16:22:21.998Z] > authorizing via signed-in user (aqeelqazem1985@gmail.com)
[debug] [2026-01-06T16:22:22.129Z] <<< [apiv2][status] GET https://serviceusage.googleapis.com/v1/projects//services/firebaseappdistribution.googleapis.com 400
[debug] [2026-01-06T16:22:22.130Z] <<< [apiv2][body] GET https://serviceusage.googleapis.com/v1/projects//services/firebaseappdistribution.googleapis.com [omitted]
[error] Failed to fetch Firebase Project from Studio Workspace because WORKSPACE_SLUG environment variable is empty
[error] Failed to fetch Firebase Project from Studio Workspace because WORKSPACE_SLUG environment variable is empty
[error] Failed to fetch Firebase Project from Studio Workspace because WORKSPACE_SLUG environment variable is empty
[debug] [2026-01-06T16:22:22.131Z] > command requires scopes: ["email","openid","https://www.googleapis.com/auth/cloudplatformprojects.readonly","https://www.googleapis.com/auth/firebase","https://www.googleapis.com/auth/cloud-platform","https://www.googleapis.com/auth/userinfo.email"]
[debug] [2026-01-06T16:22:22.132Z] > authorizing via signed-in user (aqeelqazem1985@gmail.com)
[error] Failed to fetch Firebase Project from Studio Workspace because WORKSPACE_SLUG environment variable is empty
[debug] [2026-01-06T16:22:22.133Z] > command requires scopes: ["email","openid","https://www.googleapis.com/auth/cloudplatformprojects.readonly","https://www.googleapis.com/auth/firebase","https://www.googleapis.com/auth/cloud-platform","https://www.googleapis.com/auth/userinfo.email"]
[debug] [2026-01-06T16:22:22.133Z] > authorizing via signed-in user (aqeelqazem1985@gmail.com)
[debug] [2026-01-06T16:22:22.142Z] <<< [apiv2][status] GET https://serviceusage.googleapis.com/v1/projects//services/firebaseappdistribution.googleapis.com 400
[debug] [2026-01-06T16:22:22.142Z] <<< [apiv2][body] GET https://serviceusage.googleapis.com/v1/projects//services/firebaseappdistribution.googleapis.com [omitted]
[error] Failed to fetch Firebase Project from Studio Workspace because WORKSPACE_SLUG environment variable is empty
[error] Failed to fetch Firebase Project from Studio Workspace because WORKSPACE_SLUG environment variable is empty
[error] Failed to fetch Firebase Project from Studio Workspace because WORKSPACE_SLUG environment variable is empty
[debug] [2026-01-06T16:22:22.144Z] > command requires scopes: ["email","openid","https://www.googleapis.com/auth/cloudplatformprojects.readonly","https://www.googleapis.com/auth/firebase","https://www.googleapis.com/auth/cloud-platform","https://www.googleapis.com/auth/userinfo.email"]
[debug] [2026-01-06T16:22:22.145Z] > authorizing via signed-in user (aqeelqazem1985@gmail.com)
[error] Failed to fetch Firebase Project from Studio Workspace because WORKSPACE_SLUG environment variable is empty
[debug] [2026-01-06T16:22:22.145Z] > command requires scopes: ["email","openid","https://www.googleapis.com/auth/cloudplatformprojects.readonly","https://www.googleapis.com/auth/firebase","https://www.googleapis.com/auth/cloud-platform","https://www.googleapis.com/auth/userinfo.email"]
[debug] [2026-01-06T16:22:22.145Z] > authorizing via signed-in user (aqeelqazem1985@gmail.com)
[error] Failed to fetch Firebase Project from Studio Workspace because WORKSPACE_SLUG environment variable is empty
[error] Failed to fetch Firebase Project from Studio Workspace because WORKSPACE_SLUG environment variable is empty
[error] Failed to fetch Firebase Project from Studio Workspace because WORKSPACE_SLUG environment variable is empty
[error] Failed to fetch Firebase Project from Studio Workspace because WORKSPACE_SLUG environment variable is empty
[debug] [2026-01-06T18:31:39.214Z] > command requires scopes: ["email","openid","https://www.googleapis.com/auth/cloudplatformprojects.readonly","https://www.googleapis.com/auth/firebase","https://www.googleapis.com/auth/cloud-platform","https://www.googleapis.com/auth/userinfo.email"]
[debug] [2026-01-06T18:31:39.216Z] > command requires scopes: ["email","openid","https://www.googleapis.com/auth/cloudplatformprojects.readonly","https://www.googleapis.com/auth/firebase","https://www.googleapis.com/auth/cloud-platform","https://www.googleapis.com/auth/userinfo.email"]
[debug] [2026-01-06T18:31:56.606Z] Running auto auth
[debug] [2026-01-06T18:31:56.606Z] Running auto auth
[debug] [2026-01-06T18:31:56.701Z] No OAuth tokens found
[debug] [2026-01-06T18:31:56.703Z] >>> [apiv2][query] GET https://serviceusage.googleapis.com/v1/projects//services/firebaseappdistribution.googleapis.com [none]
[debug] [2026-01-06T18:31:56.703Z] >>> [apiv2][(partial)header] GET https://serviceusage.googleapis.com/v1/projects//services/firebaseappdistribution.googleapis.com x-goog-quota-user=projects/
[debug] [2026-01-06T18:31:56.719Z] No OAuth tokens found
[debug] [2026-01-06T18:31:56.719Z] >>> [apiv2][query] GET https://serviceusage.googleapis.com/v1/projects//services/firebaseappdistribution.googleapis.com [none]
[debug] [2026-01-06T18:31:56.719Z] >>> [apiv2][(partial)header] GET https://serviceusage.googleapis.com/v1/projects//services/firebaseappdistribution.googleapis.com x-goog-quota-user=projects/
[debug] [2026-01-06T18:31:57.338Z] <<< [apiv2][status] GET https://serviceusage.googleapis.com/v1/projects//services/firebaseappdistribution.googleapis.com 400
[debug] [2026-01-06T18:31:57.339Z] <<< [apiv2][body] GET https://serviceusage.googleapis.com/v1/projects//services/firebaseappdistribution.googleapis.com [omitted]
[error] Failed to fetch Firebase Project from Studio Workspace because WORKSPACE_SLUG environment variable is empty
[error] Failed to fetch Firebase Project from Studio Workspace because WORKSPACE_SLUG environment variable is empty
[error] Failed to fetch Firebase Project from Studio Workspace because WORKSPACE_SLUG environment variable is empty
[debug] [2026-01-06T18:31:57.341Z] > command requires scopes: ["email","openid","https://www.googleapis.com/auth/cloudplatformprojects.readonly","https://www.googleapis.com/auth/firebase","https://www.googleapis.com/auth/cloud-platform","https://www.googleapis.com/auth/userinfo.email"]
[debug] [2026-01-06T18:31:57.342Z] > authorizing via signed-in user (aqeelqazem1985@gmail.com)
[error] Failed to fetch Firebase Project from Studio Workspace because WORKSPACE_SLUG environment variable is empty
[debug] [2026-01-06T18:31:57.342Z] > command requires scopes: ["email","openid","https://www.googleapis.com/auth/cloudplatformprojects.readonly","https://www.googleapis.com/auth/firebase","https://www.googleapis.com/auth/cloud-platform","https://www.googleapis.com/auth/userinfo.email"]
[debug] [2026-01-06T18:31:57.343Z] > authorizing via signed-in user (aqeelqazem1985@gmail.com)
[debug] [2026-01-06T18:31:57.345Z] <<< [apiv2][status] GET https://serviceusage.googleapis.com/v1/projects//services/firebaseappdistribution.googleapis.com 400
[debug] [2026-01-06T18:31:57.345Z] <<< [apiv2][body] GET https://serviceusage.googleapis.com/v1/projects//services/firebaseappdistribution.googleapis.com [omitted]
[error] Failed to fetch Firebase Project from Studio Workspace because WORKSPACE_SLUG environment variable is empty
[error] Failed to fetch Firebase Project from Studio Workspace because WORKSPACE_SLUG environment variable is empty
[error] Failed to fetch Firebase Project from Studio Workspace because WORKSPACE_SLUG environment variable is empty
[debug] [2026-01-06T18:31:57.350Z] > command requires scopes: ["email","openid","https://www.googleapis.com/auth/cloudplatformprojects.readonly","https://www.googleapis.com/auth/firebase","https://www.googleapis.com/auth/cloud-platform","https://www.googleapis.com/auth/userinfo.email"]
[debug] [2026-01-06T18:31:57.350Z] > authorizing via signed-in user (aqeelqazem1985@gmail.com)
[error] Failed to fetch Firebase Project from Studio Workspace because WORKSPACE_SLUG environment variable is empty
[debug] [2026-01-06T18:31:57.351Z] > command requires scopes: ["email","openid","https://www.googleapis.com/auth/cloudplatformprojects.readonly","https://www.googleapis.com/auth/firebase","https://www.googleapis.com/auth/cloud-platform","https://www.googleapis.com/auth/userinfo.email"]
[debug] [2026-01-06T18:31:57.351Z] > authorizing via signed-in user (aqeelqazem1985@gmail.com)
[error] Failed to fetch Firebase Project from Studio Workspace because WORKSPACE_SLUG environment variable is empty
[error] Failed to fetch Firebase Project from Studio Workspace because WORKSPACE_SLUG environment variable is empty
[error] Failed to fetch Firebase Project from Studio Workspace because WORKSPACE_SLUG environment variable is empty
[debug] [2026-01-06T18:31:57.353Z] > command requires scopes: ["email","openid","https://www.googleapis.com/auth/cloudplatformprojects.readonly","https://www.googleapis.com/auth/firebase","https://www.googleapis.com/auth/cloud-platform","https://www.googleapis.com/auth/userinfo.email"]
[debug] [2026-01-06T18:31:57.353Z] > authorizing via signed-in user (aqeelqazem1985@gmail.com)
[error] Failed to fetch Firebase Project from Studio Workspace because WORKSPACE_SLUG environment variable is empty
[debug] [2026-01-06T18:31:57.354Z] > command requires scopes: ["email","openid","https://www.googleapis.com/auth/cloudplatformprojects.readonly","https://www.googleapis.com/auth/firebase","https://www.googleapis.com/auth/cloud-platform","https://www.googleapis.com/auth/userinfo.email"]
[debug] [2026-01-06T18:31:57.354Z] > authorizing via signed-in user (aqeelqazem1985@gmail.com)
[error] Failed to fetch Firebase Project from Studio Workspace because WORKSPACE_SLUG environment variable is empty
[error] Failed to fetch Firebase Project from Studio Workspace because WORKSPACE_SLUG environment variable is empty
[error] Failed to fetch Firebase Project from Studio Workspace because WORKSPACE_SLUG environment variable is empty
[error] Failed to fetch Firebase Project from Studio Workspace because WORKSPACE_SLUG environment variable is empty
[debug] [2026-01-06T18:50:43.749Z] > command requires scopes: ["email","openid","https://www.googleapis.com/auth/cloudplatformprojects.readonly","https://www.googleapis.com/auth/firebase","https://www.googleapis.com/auth/cloud-platform","https://www.googleapis.com/auth/userinfo.email"]
[debug] [2026-01-06T18:50:43.750Z] > authorizing via signed-in user (aqeelqazem1985@gmail.com)
[debug] [2026-01-06T18:50:43.772Z] > command requires scopes: ["email","openid","https://www.googleapis.com/auth/cloudplatformprojects.readonly","https://www.googleapis.com/auth/firebase","https://www.googleapis.com/auth/cloud-platform","https://www.googleapis.com/auth/userinfo.email"]
[debug] [2026-01-06T18:50:43.773Z] > authorizing via signed-in user (aqeelqazem1985@gmail.com)
[debug] [2026-01-06T18:50:43.845Z] No OAuth tokens found
[debug] [2026-01-06T18:50:43.845Z] No OAuth tokens found
[debug] [2026-01-06T18:50:43.846Z] > command requires scopes: ["email","openid","https://www.googleapis.com/auth/cloudplatformprojects.readonly","https://www.googleapis.com/auth/firebase","https://www.googleapis.com/auth/cloud-platform","https://www.googleapis.com/auth/userinfo.email"]
[debug] [2026-01-06T18:50:43.846Z] > authorizing via signed-in user (aqeelqazem1985@gmail.com)
[debug] [2026-01-06T18:50:43.848Z] >>> [apiv2][query] GET https://serviceusage.googleapis.com/v1/projects//services/firebaseappdistribution.googleapis.com [none]
[debug] [2026-01-06T18:50:43.848Z] >>> [apiv2][(partial)header] GET https://serviceusage.googleapis.com/v1/projects//services/firebaseappdistribution.googleapis.com x-goog-quota-user=projects/
[debug] [2026-01-06T18:50:43.872Z] No OAuth tokens found
[debug] [2026-01-06T18:50:43.872Z] No OAuth tokens found
[debug] [2026-01-06T18:50:43.872Z] > command requires scopes: ["email","openid","https://www.googleapis.com/auth/cloudplatformprojects.readonly","https://www.googleapis.com/auth/firebase","https://www.googleapis.com/auth/cloud-platform","https://www.googleapis.com/auth/userinfo.email"]
[debug] [2026-01-06T18:50:43.873Z] > authorizing via signed-in user (aqeelqazem1985@gmail.com)
[debug] [2026-01-06T18:50:43.873Z] >>> [apiv2][query] GET https://serviceusage.googleapis.com/v1/projects//services/firebaseappdistribution.googleapis.com [none]
[debug] [2026-01-06T18:50:43.873Z] >>> [apiv2][(partial)header] GET https://serviceusage.googleapis.com/v1/projects//services/firebaseappdistribution.googleapis.com x-goog-quota-user=projects/
[error] Failed to fetch Firebase Project from Studio Workspace because WORKSPACE_SLUG environment variable is empty
[error] Failed to fetch Firebase Project from Studio Workspace because WORKSPACE_SLUG environment variable is empty
[error] Failed to fetch Firebase Project from Studio Workspace because WORKSPACE_SLUG environment variable is empty
[error] Failed to fetch Firebase Project from Studio Workspace because WORKSPACE_SLUG environment variable is empty
[debug] [2026-01-06T18:50:43.996Z] > command requires scopes: ["email","openid","https://www.googleapis.com/auth/cloudplatformprojects.readonly","https://www.googleapis.com/auth/firebase","https://www.googleapis.com/auth/cloud-platform","https://www.googleapis.com/auth/userinfo.email"]
[debug] [2026-01-06T18:50:43.997Z] > authorizing via signed-in user (aqeelqazem1985@gmail.com)
[debug] [2026-01-06T18:50:43.997Z] > command requires scopes: ["email","openid","https://www.googleapis.com/auth/cloudplatformprojects.readonly","https://www.googleapis.com/auth/firebase","https://www.googleapis.com/auth/cloud-platform","https://www.googleapis.com/auth/userinfo.email"]
[debug] [2026-01-06T18:50:43.997Z] > authorizing via signed-in user (aqeelqazem1985@gmail.com)
[debug] [2026-01-06T18:50:44.052Z] No OAuth tokens found
[debug] [2026-01-06T18:50:44.052Z] No OAuth tokens found
[debug] [2026-01-06T18:50:44.052Z] > command requires scopes: ["email","openid","https://www.googleapis.com/auth/cloudplatformprojects.readonly","https://www.googleapis.com/auth/firebase","https://www.googleapis.com/auth/cloud-platform","https://www.googleapis.com/auth/userinfo.email"]
[debug] [2026-01-06T18:50:44.052Z] > authorizing via signed-in user (aqeelqazem1985@gmail.com)
[debug] [2026-01-06T18:50:44.052Z] >>> [apiv2][query] GET https://serviceusage.googleapis.com/v1/projects//services/firebaseappdistribution.googleapis.com [none]
[debug] [2026-01-06T18:50:44.053Z] >>> [apiv2][(partial)header] GET https://serviceusage.googleapis.com/v1/projects//services/firebaseappdistribution.googleapis.com x-goog-quota-user=projects/
[debug] [2026-01-06T18:50:44.059Z] No OAuth tokens found
[debug] [2026-01-06T18:50:44.059Z] No OAuth tokens found
[debug] [2026-01-06T18:50:44.060Z] > command requires scopes: ["email","openid","https://www.googleapis.com/auth/cloudplatformprojects.readonly","https://www.googleapis.com/auth/firebase","https://www.googleapis.com/auth/cloud-platform","https://www.googleapis.com/auth/userinfo.email"]
[debug] [2026-01-06T18:50:44.060Z] > authorizing via signed-in user (aqeelqazem1985@gmail.com)
[debug] [2026-01-06T18:50:44.060Z] >>> [apiv2][query] GET https://serviceusage.googleapis.com/v1/projects//services/firebaseappdistribution.googleapis.com [none]
[debug] [2026-01-06T18:50:44.060Z] >>> [apiv2][(partial)header] GET https://serviceusage.googleapis.com/v1/projects//services/firebaseappdistribution.googleapis.com x-goog-quota-user=projects/
[debug] [2026-01-06T18:50:44.504Z] <<< [apiv2][status] GET https://serviceusage.googleapis.com/v1/projects//services/firebaseappdistribution.googleapis.com 400
[debug] [2026-01-06T18:50:44.504Z] <<< [apiv2][body] GET https://serviceusage.googleapis.com/v1/projects//services/firebaseappdistribution.googleapis.com [omitted]
[debug] [2026-01-06T18:50:44.507Z] <<< [apiv2][status] GET https://serviceusage.googleapis.com/v1/projects//services/firebaseappdistribution.googleapis.com 400
[debug] [2026-01-06T18:50:44.508Z] <<< [apiv2][body] GET https://serviceusage.googleapis.com/v1/projects//services/firebaseappdistribution.googleapis.com [omitted]
[error] Failed to fetch Firebase Project from Studio Workspace because WORKSPACE_SLUG environment variable is empty
[error] Failed to fetch Firebase Project from Studio Workspace because WORKSPACE_SLUG environment variable is empty
[error] Failed to fetch Firebase Project from Studio Workspace because WORKSPACE_SLUG environment variable is empty
[debug] [2026-01-06T18:50:44.510Z] > command requires scopes: ["email","openid","https://www.googleapis.com/auth/cloudplatformprojects.readonly","https://www.googleapis.com/auth/firebase","https://www.googleapis.com/auth/cloud-platform","https://www.googleapis.com/auth/userinfo.email"]
[debug] [2026-01-06T18:50:44.510Z] > authorizing via signed-in user (aqeelqazem1985@gmail.com)
[error] Failed to fetch Firebase Project from Studio Workspace because WORKSPACE_SLUG environment variable is empty
[debug] [2026-01-06T18:50:44.511Z] > command requires scopes: ["email","openid","https://www.googleapis.com/auth/cloudplatformprojects.readonly","https://www.googleapis.com/auth/firebase","https://www.googleapis.com/auth/cloud-platform","https://www.googleapis.com/auth/userinfo.email"]
[debug] [2026-01-06T18:50:44.511Z] > authorizing via signed-in user (aqeelqazem1985@gmail.com)
[error] Failed to fetch Firebase Project from Studio Workspace because WORKSPACE_SLUG environment variable is empty
[error] Failed to fetch Firebase Project from Studio Workspace because WORKSPACE_SLUG environment variable is empty
[error] Failed to fetch Firebase Project from Studio Workspace because WORKSPACE_SLUG environment variable is empty
[debug] [2026-01-06T18:50:44.517Z] > command requires scopes: ["email","openid","https://www.googleapis.com/auth/cloudplatformprojects.readonly","https://www.googleapis.com/auth/firebase","https://www.googleapis.com/auth/cloud-platform","https://www.googleapis.com/auth/userinfo.email"]
[debug] [2026-01-06T18:50:44.517Z] > authorizing via signed-in user (aqeelqazem1985@gmail.com)
[error] Failed to fetch Firebase Project from Studio Workspace because WORKSPACE_SLUG environment variable is empty
[debug] [2026-01-06T18:50:44.518Z] > command requires scopes: ["email","openid","https://www.googleapis.com/auth/cloudplatformprojects.readonly","https://www.googleapis.com/auth/firebase","https://www.googleapis.com/auth/cloud-platform","https://www.googleapis.com/auth/userinfo.email"]
[debug] [2026-01-06T18:50:44.518Z] > authorizing via signed-in user (aqeelqazem1985@gmail.com)
[error] Failed to fetch Firebase Project from Studio Workspace because WORKSPACE_SLUG environment variable is empty
[error] Failed to fetch Firebase Project from Studio Workspace because WORKSPACE_SLUG environment variable is empty
[error] Failed to fetch Firebase Project from Studio Workspace because WORKSPACE_SLUG environment variable is empty
[debug] [2026-01-06T18:50:44.521Z] > command requires scopes: ["email","openid","https://www.googleapis.com/auth/cloudplatformprojects.readonly","https://www.googleapis.com/auth/firebase","https://www.googleapis.com/auth/cloud-platform","https://www.googleapis.com/auth/userinfo.email"]
[debug] [2026-01-06T18:50:44.521Z] > authorizing via signed-in user (aqeelqazem1985@gmail.com)
[error] Failed to fetch Firebase Project from Studio Workspace because WORKSPACE_SLUG environment variable is empty
[debug] [2026-01-06T18:50:44.521Z] > command requires scopes: ["email","openid","https://www.googleapis.com/auth/cloudplatformprojects.readonly","https://www.googleapis.com/auth/firebase","https://www.googleapis.com/auth/cloud-platform","https://www.googleapis.com/auth/userinfo.email"]
[debug] [2026-01-06T18:50:44.521Z] > authorizing via signed-in user (aqeelqazem1985@gmail.com)
[debug] [2026-01-06T18:50:44.685Z] <<< [apiv2][status] GET https://serviceusage.googleapis.com/v1/projects//services/firebaseappdistribution.googleapis.com 400
[debug] [2026-01-06T18:50:44.685Z] <<< [apiv2][body] GET https://serviceusage.googleapis.com/v1/projects//services/firebaseappdistribution.googleapis.com [omitted]
[error] Failed to fetch Firebase Project from Studio Workspace because WORKSPACE_SLUG environment variable is empty
[error] Failed to fetch Firebase Project from Studio Workspace because WORKSPACE_SLUG environment variable is empty
[error] Failed to fetch Firebase Project from Studio Workspace because WORKSPACE_SLUG environment variable is empty
[debug] [2026-01-06T18:50:44.687Z] > command requires scopes: ["email","openid","https://www.googleapis.com/auth/cloudplatformprojects.readonly","https://www.googleapis.com/auth/firebase","https://www.googleapis.com/auth/cloud-platform","https://www.googleapis.com/auth/userinfo.email"]
[debug] [2026-01-06T18:50:44.687Z] > authorizing via signed-in user (aqeelqazem1985@gmail.com)
[error] Failed to fetch Firebase Project from Studio Workspace because WORKSPACE_SLUG environment variable is empty
[debug] [2026-01-06T18:50:44.688Z] > command requires scopes: ["email","openid","https://www.googleapis.com/auth/cloudplatformprojects.readonly","https://www.googleapis.com/auth/firebase","https://www.googleapis.com/auth/cloud-platform","https://www.googleapis.com/auth/userinfo.email"]
[debug] [2026-01-06T18:50:44.688Z] > authorizing via signed-in user (aqeelqazem1985@gmail.com)
[debug] [2026-01-06T18:50:44.688Z] <<< [apiv2][status] GET https://serviceusage.googleapis.com/v1/projects//services/firebaseappdistribution.googleapis.com 400
[debug] [2026-01-06T18:50:44.688Z] <<< [apiv2][body] GET https://serviceusage.googleapis.com/v1/projects//services/firebaseappdistribution.googleapis.com [omitted]
[error] Failed to fetch Firebase Project from Studio Workspace because WORKSPACE_SLUG environment variable is empty
[error] Failed to fetch Firebase Project from Studio Workspace because WORKSPACE_SLUG environment variable is empty
[error] Failed to fetch Firebase Project from Studio Workspace because WORKSPACE_SLUG environment variable is empty
[debug] [2026-01-06T18:50:44.690Z] > command requires scopes: ["email","openid","https://www.googleapis.com/auth/cloudplatformprojects.readonly","https://www.googleapis.com/auth/firebase","https://www.googleapis.com/auth/cloud-platform","https://www.googleapis.com/auth/userinfo.email"]
[debug] [2026-01-06T18:50:44.690Z] > authorizing via signed-in user (aqeelqazem1985@gmail.com)
[error] Failed to fetch Firebase Project from Studio Workspace because WORKSPACE_SLUG environment variable is empty
[debug] [2026-01-06T18:50:44.691Z] > command requires scopes: ["email","openid","https://www.googleapis.com/auth/cloudplatformprojects.readonly","https://www.googleapis.com/auth/firebase","https://www.googleapis.com/auth/cloud-platform","https://www.googleapis.com/auth/userinfo.email"]
[debug] [2026-01-06T18:50:44.691Z] > authorizing via signed-in user (aqeelqazem1985@gmail.com)
[error] Failed to fetch Firebase Project from Studio Workspace because WORKSPACE_SLUG environment variable is empty
[error] Failed to fetch Firebase Project from Studio Workspace because WORKSPACE_SLUG environment variable is empty
[error] Failed to fetch Firebase Project from Studio Workspace because WORKSPACE_SLUG environment variable is empty
[error] Failed to fetch Firebase Project from Studio Workspace because WORKSPACE_SLUG environment variable is empty
[debug] [2026-01-14T19:24:31.457Z] > command requires scopes: ["email","openid","https://www.googleapis.com/auth/cloudplatformprojects.readonly","https://www.googleapis.com/auth/firebase","https://www.googleapis.com/auth/cloud-platform","https://www.googleapis.com/auth/userinfo.email"]
[debug] [2026-01-14T19:24:31.457Z] > authorizing via signed-in user (aqeelqazem1985@gmail.com)
[debug] [2026-01-14T19:24:31.481Z] > command requires scopes: ["email","openid","https://www.googleapis.com/auth/cloudplatformprojects.readonly","https://www.googleapis.com/auth/firebase","https://www.googleapis.com/auth/cloud-platform","https://www.googleapis.com/auth/userinfo.email"]
[debug] [2026-01-14T19:24:31.481Z] > authorizing via signed-in user (aqeelqazem1985@gmail.com)
[debug] [2026-01-14T19:24:31.531Z] No OAuth tokens found
[debug] [2026-01-14T19:24:31.532Z] No OAuth tokens found
[debug] [2026-01-14T19:24:31.532Z] > command requires scopes: ["email","openid","https://www.googleapis.com/auth/cloudplatformprojects.readonly","https://www.googleapis.com/auth/firebase","https://www.googleapis.com/auth/cloud-platform","https://www.googleapis.com/auth/userinfo.email"]
[debug] [2026-01-14T19:24:31.532Z] > authorizing via signed-in user (aqeelqazem1985@gmail.com)
[debug] [2026-01-14T19:24:31.534Z] >>> [apiv2][query] GET https://serviceusage.googleapis.com/v1/projects//services/firebaseappdistribution.googleapis.com [none]
[debug] [2026-01-14T19:24:31.534Z] >>> [apiv2][(partial)header] GET https://serviceusage.googleapis.com/v1/projects//services/firebaseappdistribution.googleapis.com x-goog-quota-user=projects/
[debug] [2026-01-14T19:24:31.554Z] No OAuth tokens found
[debug] [2026-01-14T19:24:31.554Z] No OAuth tokens found
[debug] [2026-01-14T19:24:31.554Z] > command requires scopes: ["email","openid","https://www.googleapis.com/auth/cloudplatformprojects.readonly","https://www.googleapis.com/auth/firebase","https://www.googleapis.com/auth/cloud-platform","https://www.googleapis.com/auth/userinfo.email"]
[debug] [2026-01-14T19:24:31.555Z] > authorizing via signed-in user (aqeelqazem1985@gmail.com)
[debug] [2026-01-14T19:24:31.555Z] >>> [apiv2][query] GET https://serviceusage.googleapis.com/v1/projects//services/firebaseappdistribution.googleapis.com [none]
[debug] [2026-01-14T19:24:31.555Z] >>> [apiv2][(partial)header] GET https://serviceusage.googleapis.com/v1/projects//services/firebaseappdistribution.googleapis.com x-goog-quota-user=projects/
[debug] [2026-01-14T19:24:32.190Z] <<< [apiv2][status] GET https://serviceusage.googleapis.com/v1/projects//services/firebaseappdistribution.googleapis.com 400
[debug] [2026-01-14T19:24:32.190Z] <<< [apiv2][body] GET https://serviceusage.googleapis.com/v1/projects//services/firebaseappdistribution.googleapis.com [omitted]
[error] Failed to fetch Firebase Project from Studio Workspace because WORKSPACE_SLUG environment variable is empty
[error] Failed to fetch Firebase Project from Studio Workspace because WORKSPACE_SLUG environment variable is empty
[error] Failed to fetch Firebase Project from Studio Workspace because WORKSPACE_SLUG environment variable is empty
[debug] [2026-01-14T19:24:32.193Z] > command requires scopes: ["email","openid","https://www.googleapis.com/auth/cloudplatformprojects.readonly","https://www.googleapis.com/auth/firebase","https://www.googleapis.com/auth/cloud-platform","https://www.googleapis.com/auth/userinfo.email"]
[debug] [2026-01-14T19:24:32.193Z] > authorizing via signed-in user (aqeelqazem1985@gmail.com)
[error] Failed to fetch Firebase Project from Studio Workspace because WORKSPACE_SLUG environment variable is empty
[debug] [2026-01-14T19:24:32.193Z] > command requires scopes: ["email","openid","https://www.googleapis.com/auth/cloudplatformprojects.readonly","https://www.googleapis.com/auth/firebase","https://www.googleapis.com/auth/cloud-platform","https://www.googleapis.com/auth/userinfo.email"]
[debug] [2026-01-14T19:24:32.194Z] > authorizing via signed-in user (aqeelqazem1985@gmail.com)
[error] Failed to fetch Firebase Project from Studio Workspace because WORKSPACE_SLUG environment variable is empty
[error] Failed to fetch Firebase Project from Studio Workspace because WORKSPACE_SLUG environment variable is empty
[error] Failed to fetch Firebase Project from Studio Workspace because WORKSPACE_SLUG environment variable is empty
[error] Failed to fetch Firebase Project from Studio Workspace because WORKSPACE_SLUG environment variable is empty
[error] Failed to fetch Firebase Project from Studio Workspace because WORKSPACE_SLUG environment variable is empty
[error] Failed to fetch Firebase Project from Studio Workspace because WORKSPACE_SLUG environment variable is empty
[debug] [2026-01-14T19:24:32.205Z] > command requires scopes: ["email","openid","https://www.googleapis.com/auth/cloudplatformprojects.readonly","https://www.googleapis.com/auth/firebase","https://www.googleapis.com/auth/cloud-platform","https://www.googleapis.com/auth/userinfo.email"]
[debug] [2026-01-14T19:24:32.205Z] > authorizing via signed-in user (aqeelqazem1985@gmail.com)
[debug] [2026-01-14T19:24:32.206Z] > command requires scopes: ["email","openid","https://www.googleapis.com/auth/cloudplatformprojects.readonly","https://www.googleapis.com/auth/firebase","https://www.googleapis.com/auth/cloud-platform","https://www.googleapis.com/auth/userinfo.email"]
[debug] [2026-01-14T19:24:32.206Z] > authorizing via signed-in user (aqeelqazem1985@gmail.com)
[error] Failed to fetch Firebase Project from Studio Workspace because WORKSPACE_SLUG environment variable is empty
[error] Failed to fetch Firebase Project from Studio Workspace because WORKSPACE_SLUG environment variable is empty
[debug] [2026-01-14T19:24:32.208Z] > command requires scopes: ["email","openid","https://www.googleapis.com/auth/cloudplatformprojects.readonly","https://www.googleapis.com/auth/firebase","https://www.googleapis.com/auth/cloud-platform","https://www.googleapis.com/auth/userinfo.email"]
[debug] [2026-01-14T19:24:32.208Z] > authorizing via signed-in user (aqeelqazem1985@gmail.com)
[debug] [2026-01-14T19:24:32.209Z] > command requires scopes: ["email","openid","https://www.googleapis.com/auth/cloudplatformprojects.readonly","https://www.googleapis.com/auth/firebase","https://www.googleapis.com/auth/cloud-platform","https://www.googleapis.com/auth/userinfo.email"]
[debug] [2026-01-14T19:24:32.209Z] > authorizing via signed-in user (aqeelqazem1985@gmail.com)
[debug] [2026-01-14T19:24:32.212Z] <<< [apiv2][status] GET https://serviceusage.googleapis.com/v1/projects//services/firebaseappdistribution.googleapis.com 400
[debug] [2026-01-14T19:24:32.212Z] <<< [apiv2][body] GET https://serviceusage.googleapis.com/v1/projects//services/firebaseappdistribution.googleapis.com [omitted]
[error] Failed to fetch Firebase Project from Studio Workspace because WORKSPACE_SLUG environment variable is empty
[error] Failed to fetch Firebase Project from Studio Workspace because WORKSPACE_SLUG environment variable is empty
[error] Failed to fetch Firebase Project from Studio Workspace because WORKSPACE_SLUG environment variable is empty
[error] Failed to fetch Firebase Project from Studio Workspace because WORKSPACE_SLUG environment variable is empty
[debug] [2026-01-14T19:27:18.816Z] > command requires scopes: ["email","openid","https://www.googleapis.com/auth/cloudplatformprojects.readonly","https://www.googleapis.com/auth/firebase","https://www.googleapis.com/auth/cloud-platform","https://www.googleapis.com/auth/userinfo.email"]
[debug] [2026-01-14T19:27:18.817Z] > authorizing via signed-in user (aqeelqazem1985@gmail.com)
[debug] [2026-01-14T19:27:18.832Z] > command requires scopes: ["email","openid","https://www.googleapis.com/auth/cloudplatformprojects.readonly","https://www.googleapis.com/auth/firebase","https://www.googleapis.com/auth/cloud-platform","https://www.googleapis.com/auth/userinfo.email"]
[debug] [2026-01-14T19:27:18.833Z] > authorizing via signed-in user (aqeelqazem1985@gmail.com)
[debug] [2026-01-14T19:27:18.886Z] No OAuth tokens found
[debug] [2026-01-14T19:27:18.886Z] No OAuth tokens found
[debug] [2026-01-14T19:27:18.887Z] > command requires scopes: ["email","openid","https://www.googleapis.com/auth/cloudplatformprojects.readonly","https://www.googleapis.com/auth/firebase","https://www.googleapis.com/auth/cloud-platform","https://www.googleapis.com/auth/userinfo.email"]
[debug] [2026-01-14T19:27:18.887Z] > authorizing via signed-in user (aqeelqazem1985@gmail.com)
[debug] [2026-01-14T19:27:18.889Z] >>> [apiv2][query] GET https://serviceusage.googleapis.com/v1/projects//services/firebaseappdistribution.googleapis.com [none]
[debug] [2026-01-14T19:27:18.889Z] >>> [apiv2][(partial)header] GET https://serviceusage.googleapis.com/v1/projects//services/firebaseappdistribution.googleapis.com x-goog-quota-user=projects/
[debug] [2026-01-14T19:27:18.914Z] No OAuth tokens found
[debug] [2026-01-14T19:27:18.914Z] No OAuth tokens found
[debug] [2026-01-14T19:27:18.915Z] > command requires scopes: ["email","openid","https://www.googleapis.com/auth/cloudplatformprojects.readonly","https://www.googleapis.com/auth/firebase","https://www.googleapis.com/auth/cloud-platform","https://www.googleapis.com/auth/userinfo.email"]
[debug] [2026-01-14T19:27:18.915Z] > authorizing via signed-in user (aqeelqazem1985@gmail.com)
[debug] [2026-01-14T19:27:18.915Z] >>> [apiv2][query] GET https://serviceusage.googleapis.com/v1/projects//services/firebaseappdistribution.googleapis.com [none]
[debug] [2026-01-14T19:27:18.915Z] >>> [apiv2][(partial)header] GET https://serviceusage.googleapis.com/v1/projects//services/firebaseappdistribution.googleapis.com x-goog-quota-user=projects/
[debug] [2026-01-14T19:27:19.540Z] <<< [apiv2][status] GET https://serviceusage.googleapis.com/v1/projects//services/firebaseappdistribution.googleapis.com 400
[debug] [2026-01-14T19:27:19.540Z] <<< [apiv2][body] GET https://serviceusage.googleapis.com/v1/projects//services/firebaseappdistribution.googleapis.com [omitted]
[error] Failed to fetch Firebase Project from Studio Workspace because WORKSPACE_SLUG environment variable is empty
[error] Failed to fetch Firebase Project from Studio Workspace because WORKSPACE_SLUG environment variable is empty
[error] Failed to fetch Firebase Project from Studio Workspace because WORKSPACE_SLUG environment variable is empty
[debug] [2026-01-14T19:27:19.543Z] > command requires scopes: ["email","openid","https://www.googleapis.com/auth/cloudplatformprojects.readonly","https://www.googleapis.com/auth/firebase","https://www.googleapis.com/auth/cloud-platform","https://www.googleapis.com/auth/userinfo.email"]
[debug] [2026-01-14T19:27:19.543Z] > authorizing via signed-in user (aqeelqazem1985@gmail.com)
[error] Failed to fetch Firebase Project from Studio Workspace because WORKSPACE_SLUG environment variable is empty
[debug] [2026-01-14T19:27:19.544Z] > command requires scopes: ["email","openid","https://www.googleapis.com/auth/cloudplatformprojects.readonly","https://www.googleapis.com/auth/firebase","https://www.googleapis.com/auth/cloud-platform","https://www.googleapis.com/auth/userinfo.email"]
[debug] [2026-01-14T19:27:19.544Z] > authorizing via signed-in user (aqeelqazem1985@gmail.com)
[error] Failed to fetch Firebase Project from Studio Workspace because WORKSPACE_SLUG environment variable is empty
[error] Failed to fetch Firebase Project from Studio Workspace because WORKSPACE_SLUG environment variable is empty
[error] Failed to fetch Firebase Project from Studio Workspace because WORKSPACE_SLUG environment variable is empty
[debug] [2026-01-14T19:27:19.550Z] > command requires scopes: ["email","openid","https://www.googleapis.com/auth/cloudplatformprojects.readonly","https://www.googleapis.com/auth/firebase","https://www.googleapis.com/auth/cloud-platform","https://www.googleapis.com/auth/userinfo.email"]
[debug] [2026-01-14T19:27:19.550Z] > authorizing via signed-in user (aqeelqazem1985@gmail.com)
[error] Failed to fetch Firebase Project from Studio Workspace because WORKSPACE_SLUG environment variable is empty
[debug] [2026-01-14T19:27:19.552Z] > command requires scopes: ["email","openid","https://www.googleapis.com/auth/cloudplatformprojects.readonly","https://www.googleapis.com/auth/firebase","https://www.googleapis.com/auth/cloud-platform","https://www.googleapis.com/auth/userinfo.email"]
[debug] [2026-01-14T19:27:19.552Z] > authorizing via signed-in user (aqeelqazem1985@gmail.com)
[error] Failed to fetch Firebase Project from Studio Workspace because WORKSPACE_SLUG environment variable is empty
[error] Failed to fetch Firebase Project from Studio Workspace because WORKSPACE_SLUG environment variable is empty
[error] Failed to fetch Firebase Project from Studio Workspace because WORKSPACE_SLUG environment variable is empty
[debug] [2026-01-14T19:27:19.555Z] > command requires scopes: ["email","openid","https://www.googleapis.com/auth/cloudplatformprojects.readonly","https://www.googleapis.com/auth/firebase","https://www.googleapis.com/auth/cloud-platform","https://www.googleapis.com/auth/userinfo.email"]
[debug] [2026-01-14T19:27:19.555Z] > authorizing via signed-in user (aqeelqazem1985@gmail.com)
[error] Failed to fetch Firebase Project from Studio Workspace because WORKSPACE_SLUG environment variable is empty
[debug] [2026-01-14T19:27:19.556Z] > command requires scopes: ["email","openid","https://www.googleapis.com/auth/cloudplatformprojects.readonly","https://www.googleapis.com/auth/firebase","https://www.googleapis.com/auth/cloud-platform","https://www.googleapis.com/auth/userinfo.email"]
[debug] [2026-01-14T19:27:19.556Z] > authorizing via signed-in user (aqeelqazem1985@gmail.com)
[debug] [2026-01-14T19:27:19.561Z] <<< [apiv2][status] GET https://serviceusage.googleapis.com/v1/projects//services/firebaseappdistribution.googleapis.com 400
[debug] [2026-01-14T19:27:19.561Z] <<< [apiv2][body] GET https://serviceusage.googleapis.com/v1/projects//services/firebaseappdistribution.googleapis.com [omitted]
[error] Failed to fetch Firebase Project from Studio Workspace because WORKSPACE_SLUG environment variable is empty
[error] Failed to fetch Firebase Project from Studio Workspace because WORKSPACE_SLUG environment variable is empty
[debug] [2026-01-14T20:24:24.564Z] > command requires scopes: ["email","openid","https://www.googleapis.com/auth/cloudplatformprojects.readonly","https://www.googleapis.com/auth/firebase","https://www.googleapis.com/auth/cloud-platform","https://www.googleapis.com/auth/userinfo.email"]
[error] Failed to fetch Firebase Project from Studio Workspace because WORKSPACE_SLUG environment variable is empty
[error] Failed to fetch Firebase Project from Studio Workspace because WORKSPACE_SLUG environment variable is empty
[debug] [2026-01-14T20:24:24.576Z] > command requires scopes: ["email","openid","https://www.googleapis.com/auth/cloudplatformprojects.readonly","https://www.googleapis.com/auth/firebase","https://www.googleapis.com/auth/cloud-platform","https://www.googleapis.com/auth/userinfo.email"]
[debug] [2026-01-14T20:24:34.936Z] Running auto auth
[debug] [2026-01-14T20:24:34.937Z] Running auto auth
[debug] [2026-01-14T20:24:35.031Z] No OAuth tokens found
[debug] [2026-01-14T20:24:35.033Z] >>> [apiv2][query] GET https://serviceusage.googleapis.com/v1/projects//services/firebaseappdistribution.googleapis.com [none]
[debug] [2026-01-14T20:24:35.033Z] >>> [apiv2][(partial)header] GET https://serviceusage.googleapis.com/v1/projects//services/firebaseappdistribution.googleapis.com x-goog-quota-user=projects/
[debug] [2026-01-14T20:24:35.049Z] No OAuth tokens found
[debug] [2026-01-14T20:24:35.050Z] >>> [apiv2][query] GET https://serviceusage.googleapis.com/v1/projects//services/firebaseappdistribution.googleapis.com [none]
[debug] [2026-01-14T20:24:35.050Z] >>> [apiv2][(partial)header] GET https://serviceusage.googleapis.com/v1/projects//services/firebaseappdistribution.googleapis.com x-goog-quota-user=projects/
[debug] [2026-01-14T20:24:35.215Z] <<< [apiv2][status] GET https://serviceusage.googleapis.com/v1/projects//services/firebaseappdistribution.googleapis.com 400
[debug] [2026-01-14T20:24:35.215Z] <<< [apiv2][body] GET https://serviceusage.googleapis.com/v1/projects//services/firebaseappdistribution.googleapis.com [omitted]
[error] Failed to fetch Firebase Project from Studio Workspace because WORKSPACE_SLUG environment variable is empty
[error] Failed to fetch Firebase Project from Studio Workspace because WORKSPACE_SLUG environment variable is empty
[error] Failed to fetch Firebase Project from Studio Workspace because WORKSPACE_SLUG environment variable is empty
[debug] [2026-01-14T20:24:35.218Z] > command requires scopes: ["email","openid","https://www.googleapis.com/auth/cloudplatformprojects.readonly","https://www.googleapis.com/auth/firebase","https://www.googleapis.com/auth/cloud-platform","https://www.googleapis.com/auth/userinfo.email"]
[debug] [2026-01-14T20:24:35.218Z] > authorizing via signed-in user (aqeelqazem1985@gmail.com)
[error] Failed to fetch Firebase Project from Studio Workspace because WORKSPACE_SLUG environment variable is empty
[debug] [2026-01-14T20:24:35.219Z] > command requires scopes: ["email","openid","https://www.googleapis.com/auth/cloudplatformprojects.readonly","https://www.googleapis.com/auth/firebase","https://www.googleapis.com/auth/cloud-platform","https://www.googleapis.com/auth/userinfo.email"]
[debug] [2026-01-14T20:24:35.219Z] > authorizing via signed-in user (aqeelqazem1985@gmail.com)
[error] Failed to fetch Firebase Project from Studio Workspace because WORKSPACE_SLUG environment variable is empty
[error] Failed to fetch Firebase Project from Studio Workspace because WORKSPACE_SLUG environment variable is empty
[error] Failed to fetch Firebase Project from Studio Workspace because WORKSPACE_SLUG environment variable is empty
[debug] [2026-01-14T20:24:35.225Z] > command requires scopes: ["email","openid","https://www.googleapis.com/auth/cloudplatformprojects.readonly","https://www.googleapis.com/auth/firebase","https://www.googleapis.com/auth/cloud-platform","https://www.googleapis.com/auth/userinfo.email"]
[debug] [2026-01-14T20:24:35.226Z] > authorizing via signed-in user (aqeelqazem1985@gmail.com)
[error] Failed to fetch Firebase Project from Studio Workspace because WORKSPACE_SLUG environment variable is empty
[debug] [2026-01-14T20:24:35.226Z] > command requires scopes: ["email","openid","https://www.googleapis.com/auth/cloudplatformprojects.readonly","https://www.googleapis.com/auth/firebase","https://www.googleapis.com/auth/cloud-platform","https://www.googleapis.com/auth/userinfo.email"]
[debug] [2026-01-14T20:24:35.226Z] > authorizing via signed-in user (aqeelqazem1985@gmail.com)
[error] Failed to fetch Firebase Project from Studio Workspace because WORKSPACE_SLUG environment variable is empty
[error] Failed to fetch Firebase Project from Studio Workspace because WORKSPACE_SLUG environment variable is empty
[error] Failed to fetch Firebase Project from Studio Workspace because WORKSPACE_SLUG environment variable is empty
[debug] [2026-01-14T20:24:35.229Z] > command requires scopes: ["email","openid","https://www.googleapis.com/auth/cloudplatformprojects.readonly","https://www.googleapis.com/auth/firebase","https://www.googleapis.com/auth/cloud-platform","https://www.googleapis.com/auth/userinfo.email"]
[debug] [2026-01-14T20:24:35.229Z] > authorizing via signed-in user (aqeelqazem1985@gmail.com)
[error] Failed to fetch Firebase Project from Studio Workspace because WORKSPACE_SLUG environment variable is empty
[debug] [2026-01-14T20:24:35.230Z] > command requires scopes: ["email","openid","https://www.googleapis.com/auth/cloudplatformprojects.readonly","https://www.googleapis.com/auth/firebase","https://www.googleapis.com/auth/cloud-platform","https://www.googleapis.com/auth/userinfo.email"]
[debug] [2026-01-14T20:24:35.230Z] > authorizing via signed-in user (aqeelqazem1985@gmail.com)
[debug] [2026-01-14T20:24:35.236Z] <<< [apiv2][status] GET https://serviceusage.googleapis.com/v1/projects//services/firebaseappdistribution.googleapis.com 400
[debug] [2026-01-14T20:24:35.236Z] <<< [apiv2][body] GET https://serviceusage.googleapis.com/v1/projects//services/firebaseappdistribution.googleapis.com [omitted]
[error] Failed to fetch Firebase Project from Studio Workspace because WORKSPACE_SLUG environment variable is empty
[error] Failed to fetch Firebase Project from Studio Workspace because WORKSPACE_SLUG environment variable is empty
[error] Failed to fetch Firebase Project from Studio Workspace because WORKSPACE_SLUG environment variable is empty
[error] Failed to fetch Firebase Project from Studio Workspace because WORKSPACE_SLUG environment variable is empty
[debug] [2026-01-14T20:36:08.516Z] > command requires scopes: ["email","openid","https://www.googleapis.com/auth/cloudplatformprojects.readonly","https://www.googleapis.com/auth/firebase","https://www.googleapis.com/auth/cloud-platform","https://www.googleapis.com/auth/userinfo.email"]
[debug] [2026-01-14T20:36:08.517Z] > authorizing via signed-in user (aqeelqazem1985@gmail.com)
[debug] [2026-01-14T20:36:08.537Z] > command requires scopes: ["email","openid","https://www.googleapis.com/auth/cloudplatformprojects.readonly","https://www.googleapis.com/auth/firebase","https://www.googleapis.com/auth/cloud-platform","https://www.googleapis.com/auth/userinfo.email"]
[debug] [2026-01-14T20:36:08.538Z] > authorizing via signed-in user (aqeelqazem1985@gmail.com)
[debug] [2026-01-14T20:36:08.607Z] No OAuth tokens found
[debug] [2026-01-14T20:36:08.608Z] No OAuth tokens found
[debug] [2026-01-14T20:36:08.608Z] > command requires scopes: ["email","openid","https://www.googleapis.com/auth/cloudplatformprojects.readonly","https://www.googleapis.com/auth/firebase","https://www.googleapis.com/auth/cloud-platform","https://www.googleapis.com/auth/userinfo.email"]
[debug] [2026-01-14T20:36:08.608Z] > authorizing via signed-in user (aqeelqazem1985@gmail.com)
[debug] [2026-01-14T20:36:08.610Z] >>> [apiv2][query] GET https://serviceusage.googleapis.com/v1/projects//services/firebaseappdistribution.googleapis.com [none]
[debug] [2026-01-14T20:36:08.610Z] >>> [apiv2][(partial)header] GET https://serviceusage.googleapis.com/v1/projects//services/firebaseappdistribution.googleapis.com x-goog-quota-user=projects/
[debug] [2026-01-14T20:36:08.643Z] No OAuth tokens found
[debug] [2026-01-14T20:36:08.643Z] No OAuth tokens found
[debug] [2026-01-14T20:36:08.643Z] > command requires scopes: ["email","openid","https://www.googleapis.com/auth/cloudplatformprojects.readonly","https://www.googleapis.com/auth/firebase","https://www.googleapis.com/auth/cloud-platform","https://www.googleapis.com/auth/userinfo.email"]
[debug] [2026-01-14T20:36:08.643Z] > authorizing via signed-in user (aqeelqazem1985@gmail.com)
[debug] [2026-01-14T20:36:08.644Z] >>> [apiv2][query] GET https://serviceusage.googleapis.com/v1/projects//services/firebaseappdistribution.googleapis.com [none]
[debug] [2026-01-14T20:36:08.644Z] >>> [apiv2][(partial)header] GET https://serviceusage.googleapis.com/v1/projects//services/firebaseappdistribution.googleapis.com x-goog-quota-user=projects/
[debug] [2026-01-14T20:36:09.279Z] <<< [apiv2][status] GET https://serviceusage.googleapis.com/v1/projects//services/firebaseappdistribution.googleapis.com 400
[debug] [2026-01-14T20:36:09.279Z] <<< [apiv2][body] GET https://serviceusage.googleapis.com/v1/projects//services/firebaseappdistribution.googleapis.com [omitted]
[error] Failed to fetch Firebase Project from Studio Workspace because WORKSPACE_SLUG environment variable is empty
[error] Failed to fetch Firebase Project from Studio Workspace because WORKSPACE_SLUG environment variable is empty
[error] Failed to fetch Firebase Project from Studio Workspace because WORKSPACE_SLUG environment variable is empty
[debug] [2026-01-14T20:36:09.281Z] > command requires scopes: ["email","openid","https://www.googleapis.com/auth/cloudplatformprojects.readonly","https://www.googleapis.com/auth/firebase","https://www.googleapis.com/auth/cloud-platform","https://www.googleapis.com/auth/userinfo.email"]
[debug] [2026-01-14T20:36:09.281Z] > authorizing via signed-in user (aqeelqazem1985@gmail.com)
[error] Failed to fetch Firebase Project from Studio Workspace because WORKSPACE_SLUG environment variable is empty
[debug] [2026-01-14T20:36:09.283Z] > command requires scopes: ["email","openid","https://www.googleapis.com/auth/cloudplatformprojects.readonly","https://www.googleapis.com/auth/firebase","https://www.googleapis.com/auth/cloud-platform","https://www.googleapis.com/auth/userinfo.email"]
[debug] [2026-01-14T20:36:09.283Z] > authorizing via signed-in user (aqeelqazem1985@gmail.com)
[debug] [2026-01-14T20:36:09.285Z] <<< [apiv2][status] GET https://serviceusage.googleapis.com/v1/projects//services/firebaseappdistribution.googleapis.com 400
[debug] [2026-01-14T20:36:09.285Z] <<< [apiv2][body] GET https://serviceusage.googleapis.com/v1/projects//services/firebaseappdistribution.googleapis.com [omitted]
[error] Failed to fetch Firebase Project from Studio Workspace because WORKSPACE_SLUG environment variable is empty
[error] Failed to fetch Firebase Project from Studio Workspace because WORKSPACE_SLUG environment variable is empty
[error] Failed to fetch Firebase Project from Studio Workspace because WORKSPACE_SLUG environment variable is empty
[debug] [2026-01-14T20:36:09.287Z] > command requires scopes: ["email","openid","https://www.googleapis.com/auth/cloudplatformprojects.readonly","https://www.googleapis.com/auth/firebase","https://www.googleapis.com/auth/cloud-platform","https://www.googleapis.com/auth/userinfo.email"]
[debug] [2026-01-14T20:36:09.288Z] > authorizing via signed-in user (aqeelqazem1985@gmail.com)
[error] Failed to fetch Firebase Project from Studio Workspace because WORKSPACE_SLUG environment variable is empty
[debug] [2026-01-14T20:36:09.288Z] > command requires scopes: ["email","openid","https://www.googleapis.com/auth/cloudplatformprojects.readonly","https://www.googleapis.com/auth/firebase","https://www.googleapis.com/auth/cloud-platform","https://www.googleapis.com/auth/userinfo.email"]
[debug] [2026-01-14T20:36:09.289Z] > authorizing via signed-in user (aqeelqazem1985@gmail.com)
[error] Failed to fetch Firebase Project from Studio Workspace because WORKSPACE_SLUG environment variable is empty
[error] Failed to fetch Firebase Project from Studio Workspace because WORKSPACE_SLUG environment variable is empty
[error] Failed to fetch Firebase Project from Studio Workspace because WORKSPACE_SLUG environment variable is empty
[debug] [2026-01-14T20:36:09.291Z] > command requires scopes: ["email","openid","https://www.googleapis.com/auth/cloudplatformprojects.readonly","https://www.googleapis.com/auth/firebase","https://www.googleapis.com/auth/cloud-platform","https://www.googleapis.com/auth/userinfo.email"]
[debug] [2026-01-14T20:36:09.291Z] > authorizing via signed-in user (aqeelqazem1985@gmail.com)
[error] Failed to fetch Firebase Project from Studio Workspace because WORKSPACE_SLUG environment variable is empty
[debug] [2026-01-14T20:36:09.292Z] > command requires scopes: ["email","openid","https://www.googleapis.com/auth/cloudplatformprojects.readonly","https://www.googleapis.com/auth/firebase","https://www.googleapis.com/auth/cloud-platform","https://www.googleapis.com/auth/userinfo.email"]
[debug] [2026-01-14T20:36:09.292Z] > authorizing via signed-in user (aqeelqazem1985@gmail.com)
[error] Failed to fetch Firebase Project from Studio Workspace because WORKSPACE_SLUG environment variable is empty
[error] Failed to fetch Firebase Project from Studio Workspace because WORKSPACE_SLUG environment variable is empty
[error] Failed to fetch Firebase Project from Studio Workspace because WORKSPACE_SLUG environment variable is empty
[error] Failed to fetch Firebase Project from Studio Workspace because WORKSPACE_SLUG environment variable is empty
[debug] [2026-01-15T08:54:52.826Z] > command requires scopes: ["email","openid","https://www.googleapis.com/auth/cloudplatformprojects.readonly","https://www.googleapis.com/auth/firebase","https://www.googleapis.com/auth/cloud-platform","https://www.googleapis.com/auth/userinfo.email"]
[debug] [2026-01-15T08:54:52.833Z] > command requires scopes: ["email","openid","https://www.googleapis.com/auth/cloudplatformprojects.readonly","https://www.googleapis.com/auth/firebase","https://www.googleapis.com/auth/cloud-platform","https://www.googleapis.com/auth/userinfo.email"]
[debug] [2026-01-15T08:54:56.680Z] Running auto auth
[debug] [2026-01-15T08:54:56.684Z] Running auto auth
[debug] [2026-01-15T08:54:56.956Z] No OAuth tokens found
[debug] [2026-01-15T08:54:56.958Z] >>> [apiv2][query] GET https://serviceusage.googleapis.com/v1/projects//services/firebaseappdistribution.googleapis.com [none]
[debug] [2026-01-15T08:54:56.959Z] >>> [apiv2][(partial)header] GET https://serviceusage.googleapis.com/v1/projects//services/firebaseappdistribution.googleapis.com x-goog-quota-user=projects/
[debug] [2026-01-15T08:54:57.001Z] No OAuth tokens found
[debug] [2026-01-15T08:54:57.002Z] >>> [apiv2][query] GET https://serviceusage.googleapis.com/v1/projects//services/firebaseappdistribution.googleapis.com [none]
[debug] [2026-01-15T08:54:57.002Z] >>> [apiv2][(partial)header] GET https://serviceusage.googleapis.com/v1/projects//services/firebaseappdistribution.googleapis.com x-goog-quota-user=projects/
[debug] [2026-01-15T08:54:57.126Z] <<< [apiv2][status] GET https://serviceusage.googleapis.com/v1/projects//services/firebaseappdistribution.googleapis.com 403
[debug] [2026-01-15T08:54:57.126Z] <<< [apiv2][body] GET https://serviceusage.googleapis.com/v1/projects//services/firebaseappdistribution.googleapis.com [omitted]
[error] Failed to fetch Firebase Project from Studio Workspace because WORKSPACE_SLUG environment variable is empty
[error] Failed to fetch Firebase Project from Studio Workspace because WORKSPACE_SLUG environment variable is empty
[error] Failed to fetch Firebase Project from Studio Workspace because WORKSPACE_SLUG environment variable is empty
[debug] [2026-01-15T08:54:57.130Z] > command requires scopes: ["email","openid","https://www.googleapis.com/auth/cloudplatformprojects.readonly","https://www.googleapis.com/auth/firebase","https://www.googleapis.com/auth/cloud-platform","https://www.googleapis.com/auth/userinfo.email"]
[debug] [2026-01-15T08:54:57.130Z] > authorizing via signed-in user (id-monospace-workstations-sa@monospace-9.iam.gserviceaccount.com)
[error] Failed to fetch Firebase Project from Studio Workspace because WORKSPACE_SLUG environment variable is empty
[debug] [2026-01-15T08:54:57.132Z] > command requires scopes: ["email","openid","https://www.googleapis.com/auth/cloudplatformprojects.readonly","https://www.googleapis.com/auth/firebase","https://www.googleapis.com/auth/cloud-platform","https://www.googleapis.com/auth/userinfo.email"]
[debug] [2026-01-15T08:54:57.132Z] > authorizing via signed-in user (id-monospace-workstations-sa@monospace-9.iam.gserviceaccount.com)
[error] Failed to fetch Firebase Project from Studio Workspace because WORKSPACE_SLUG environment variable is empty
[error] Failed to fetch Firebase Project from Studio Workspace because WORKSPACE_SLUG environment variable is empty
[error] Failed to fetch Firebase Project from Studio Workspace because WORKSPACE_SLUG environment variable is empty
[error] Failed to fetch Firebase Project from Studio Workspace because WORKSPACE_SLUG environment variable is empty
[error] Failed to fetch Firebase Project from Studio Workspace because WORKSPACE_SLUG environment variable is empty
[error] Failed to fetch Firebase Project from Studio Workspace because WORKSPACE_SLUG environment variable is empty
[debug] [2026-01-15T08:54:57.153Z] > command requires scopes: ["email","openid","https://www.googleapis.com/auth/cloudplatformprojects.readonly","https://www.googleapis.com/auth/firebase","https://www.googleapis.com/auth/cloud-platform","https://www.googleapis.com/auth/userinfo.email"]
[debug] [2026-01-15T08:54:57.153Z] > authorizing via signed-in user (id-monospace-workstations-sa@monospace-9.iam.gserviceaccount.com)
[debug] [2026-01-15T08:54:57.154Z] > command requires scopes: ["email","openid","https://www.googleapis.com/auth/cloudplatformprojects.readonly","https://www.googleapis.com/auth/firebase","https://www.googleapis.com/auth/cloud-platform","https://www.googleapis.com/auth/userinfo.email"]
[debug] [2026-01-15T08:54:57.155Z] > authorizing via signed-in user (id-monospace-workstations-sa@monospace-9.iam.gserviceaccount.com)
[error] Failed to fetch Firebase Project from Studio Workspace because WORKSPACE_SLUG environment variable is empty
[error] Failed to fetch Firebase Project from Studio Workspace because WORKSPACE_SLUG environment variable is empty
[debug] [2026-01-15T08:54:57.158Z] > command requires scopes: ["email","openid","https://www.googleapis.com/auth/cloudplatformprojects.readonly","https://www.googleapis.com/auth/firebase","https://www.googleapis.com/auth/cloud-platform","https://www.googleapis.com/auth/userinfo.email"]
[debug] [2026-01-15T08:54:57.158Z] > authorizing via signed-in user (id-monospace-workstations-sa@monospace-9.iam.gserviceaccount.com)
[debug] [2026-01-15T08:54:57.158Z] > command requires scopes: ["email","openid","https://www.googleapis.com/auth/cloudplatformprojects.readonly","https://www.googleapis.com/auth/firebase","https://www.googleapis.com/auth/cloud-platform","https://www.googleapis.com/auth/userinfo.email"]
[debug] [2026-01-15T08:54:57.159Z] > authorizing via signed-in user (id-monospace-workstations-sa@monospace-9.iam.gserviceaccount.com)
[debug] [2026-01-15T08:54:57.617Z] <<< [apiv2][status] GET https://serviceusage.googleapis.com/v1/projects//services/firebaseappdistribution.googleapis.com 403
[debug] [2026-01-15T08:54:57.617Z] <<< [apiv2][body] GET https://serviceusage.googleapis.com/v1/projects//services/firebaseappdistribution.googleapis.com [omitted]
[error] Failed to fetch Firebase Project from Studio Workspace because WORKSPACE_SLUG environment variable is empty
[error] Failed to fetch Firebase Project from Studio Workspace because WORKSPACE_SLUG environment variable is empty
[error] Failed to fetch Firebase Project from Studio Workspace because WORKSPACE_SLUG environment variable is empty
[debug] [2026-01-15T08:55:51.845Z] > command requires scopes: ["email","openid","https://www.googleapis.com/auth/cloudplatformprojects.readonly","https://www.googleapis.com/auth/firebase","https://www.googleapis.com/auth/cloud-platform","https://www.googleapis.com/auth/userinfo.email"]
[debug] [2026-01-15T08:55:51.846Z] > authorizing via signed-in user (id-monospace-workstations-sa@monospace-9.iam.gserviceaccount.com)
[error] Failed to fetch Firebase Project from Studio Workspace because WORKSPACE_SLUG environment variable is empty
[debug] [2026-01-15T08:55:51.848Z] > command requires scopes: ["email","openid","https://www.googleapis.com/auth/cloudplatformprojects.readonly","https://www.googleapis.com/auth/firebase","https://www.googleapis.com/auth/cloud-platform","https://www.googleapis.com/auth/userinfo.email"]
[debug] [2026-01-15T08:55:51.849Z] > authorizing via signed-in user (id-monospace-workstations-sa@monospace-9.iam.gserviceaccount.com)
[error] Failed to fetch Firebase Project from Studio Workspace because WORKSPACE_SLUG environment variable is empty
[error] Failed to fetch Firebase Project from Studio Workspace because WORKSPACE_SLUG environment variable is empty
[error] Failed to fetch Firebase Project from Studio Workspace because WORKSPACE_SLUG environment variable is empty
[error] Failed to fetch Firebase Project from Studio Workspace because WORKSPACE_SLUG environment variable is empty
[error] Failed to fetch Firebase Project from Studio Workspace because WORKSPACE_SLUG environment variable is empty
[error] Failed to fetch Firebase Project from Studio Workspace because WORKSPACE_SLUG environment variable is empty
[debug] [2026-01-15T08:55:51.873Z] > command requires scopes: ["email","openid","https://www.googleapis.com/auth/cloudplatformprojects.readonly","https://www.googleapis.com/auth/firebase","https://www.googleapis.com/auth/cloud-platform","https://www.googleapis.com/auth/userinfo.email"]
[debug] [2026-01-15T08:55:51.880Z] > authorizing via signed-in user (id-monospace-workstations-sa@monospace-9.iam.gserviceaccount.com)
[debug] [2026-01-15T08:55:51.880Z] > command requires scopes: ["email","openid","https://www.googleapis.com/auth/cloudplatformprojects.readonly","https://www.googleapis.com/auth/firebase","https://www.googleapis.com/auth/cloud-platform","https://www.googleapis.com/auth/userinfo.email"]
[debug] [2026-01-15T08:55:51.880Z] > authorizing via signed-in user (id-monospace-workstations-sa@monospace-9.iam.gserviceaccount.com)
[error] Failed to fetch Firebase Project from Studio Workspace because WORKSPACE_SLUG environment variable is empty
[error] Failed to fetch Firebase Project from Studio Workspace because WORKSPACE_SLUG environment variable is empty
[debug] [2026-01-15T08:55:51.889Z] > command requires scopes: ["email","openid","https://www.googleapis.com/auth/cloudplatformprojects.readonly","https://www.googleapis.com/auth/firebase","https://www.googleapis.com/auth/cloud-platform","https://www.googleapis.com/auth/userinfo.email"]
[debug] [2026-01-15T08:55:51.889Z] > authorizing via signed-in user (id-monospace-workstations-sa@monospace-9.iam.gserviceaccount.com)
[debug] [2026-01-15T08:55:51.889Z] > command requires scopes: ["email","openid","https://www.googleapis.com/auth/cloudplatformprojects.readonly","https://www.googleapis.com/auth/firebase","https://www.googleapis.com/auth/cloud-platform","https://www.googleapis.com/auth/userinfo.email"]
[debug] [2026-01-15T08:55:51.889Z] > authorizing via signed-in user (id-monospace-workstations-sa@monospace-9.iam.gserviceaccount.com)
[error] Failed to fetch Firebase Project from Studio Workspace because WORKSPACE_SLUG environment variable is empty
[error] Failed to fetch Firebase Project from Studio Workspace because WORKSPACE_SLUG environment variable is empty
[error] Failed to fetch Firebase Project from Studio Workspace because WORKSPACE_SLUG environment variable is empty
[error] Failed to fetch Firebase Project from Studio Workspace because WORKSPACE_SLUG environment variable is empty
[debug] [2026-01-15T10:10:00.972Z] > command requires scopes: ["email","openid","https://www.googleapis.com/auth/cloudplatformprojects.readonly","https://www.googleapis.com/auth/firebase","https://www.googleapis.com/auth/cloud-platform","https://www.googleapis.com/auth/userinfo.email"]
[debug] [2026-01-15T10:10:00.974Z] > command requires scopes: ["email","openid","https://www.googleapis.com/auth/cloudplatformprojects.readonly","https://www.googleapis.com/auth/firebase","https://www.googleapis.com/auth/cloud-platform","https://www.googleapis.com/auth/userinfo.email"]
[debug] [2026-01-15T10:10:15.118Z] Running auto auth
[debug] [2026-01-15T10:10:15.119Z] Running auto auth
[debug] [2026-01-15T10:10:15.236Z] No OAuth tokens found
[debug] [2026-01-15T10:10:15.238Z] >>> [apiv2][query] GET https://serviceusage.googleapis.com/v1/projects//services/firebaseappdistribution.googleapis.com [none]
[debug] [2026-01-15T10:10:15.238Z] >>> [apiv2][(partial)header] GET https://serviceusage.googleapis.com/v1/projects//services/firebaseappdistribution.googleapis.com x-goog-quota-user=projects/
[debug] [2026-01-15T10:10:15.268Z] No OAuth tokens found
[debug] [2026-01-15T10:10:15.269Z] >>> [apiv2][query] GET https://serviceusage.googleapis.com/v1/projects//services/firebaseappdistribution.googleapis.com [none]
[debug] [2026-01-15T10:10:15.269Z] >>> [apiv2][(partial)header] GET https://serviceusage.googleapis.com/v1/projects//services/firebaseappdistribution.googleapis.com x-goog-quota-user=projects/
[debug] [2026-01-15T10:10:15.413Z] <<< [apiv2][status] GET https://serviceusage.googleapis.com/v1/projects//services/firebaseappdistribution.googleapis.com 400
[debug] [2026-01-15T10:10:15.413Z] <<< [apiv2][body] GET https://serviceusage.googleapis.com/v1/projects//services/firebaseappdistribution.googleapis.com [omitted]
[error] Failed to fetch Firebase Project from Studio Workspace because WORKSPACE_SLUG environment variable is empty
[error] Failed to fetch Firebase Project from Studio Workspace because WORKSPACE_SLUG environment variable is empty
[error] Failed to fetch Firebase Project from Studio Workspace because WORKSPACE_SLUG environment variable is empty
[debug] [2026-01-15T10:10:15.418Z] > command requires scopes: ["email","openid","https://www.googleapis.com/auth/cloudplatformprojects.readonly","https://www.googleapis.com/auth/firebase","https://www.googleapis.com/auth/cloud-platform","https://www.googleapis.com/auth/userinfo.email"]
[debug] [2026-01-15T10:10:15.418Z] > authorizing via signed-in user (aqeelqazem1985@gmail.com)
[error] Failed to fetch Firebase Project from Studio Workspace because WORKSPACE_SLUG environment variable is empty
[debug] [2026-01-15T10:10:15.419Z] > command requires scopes: ["email","openid","https://www.googleapis.com/auth/cloudplatformprojects.readonly","https://www.googleapis.com/auth/firebase","https://www.googleapis.com/auth/cloud-platform","https://www.googleapis.com/auth/userinfo.email"]
[debug] [2026-01-15T10:10:15.419Z] > authorizing via signed-in user (aqeelqazem1985@gmail.com)
[error] Failed to fetch Firebase Project from Studio Workspace because WORKSPACE_SLUG environment variable is empty
[error] Failed to fetch Firebase Project from Studio Workspace because WORKSPACE_SLUG environment variable is empty
[error] Failed to fetch Firebase Project from Studio Workspace because WORKSPACE_SLUG environment variable is empty
[debug] [2026-01-15T10:10:15.428Z] > command requires scopes: ["email","openid","https://www.googleapis.com/auth/cloudplatformprojects.readonly","https://www.googleapis.com/auth/firebase","https://www.googleapis.com/auth/cloud-platform","https://www.googleapis.com/auth/userinfo.email"]
[debug] [2026-01-15T10:10:15.428Z] > authorizing via signed-in user (aqeelqazem1985@gmail.com)
[error] Failed to fetch Firebase Project from Studio Workspace because WORKSPACE_SLUG environment variable is empty
[debug] [2026-01-15T10:10:15.430Z] > command requires scopes: ["email","openid","https://www.googleapis.com/auth/cloudplatformprojects.readonly","https://www.googleapis.com/auth/firebase","https://www.googleapis.com/auth/cloud-platform","https://www.googleapis.com/auth/userinfo.email"]
[debug] [2026-01-15T10:10:15.430Z] > authorizing via signed-in user (aqeelqazem1985@gmail.com)
[error] Failed to fetch Firebase Project from Studio Workspace because WORKSPACE_SLUG environment variable is empty
[error] Failed to fetch Firebase Project from Studio Workspace because WORKSPACE_SLUG environment variable is empty
[error] Failed to fetch Firebase Project from Studio Workspace because WORKSPACE_SLUG environment variable is empty
[debug] [2026-01-15T10:10:15.432Z] > command requires scopes: ["email","openid","https://www.googleapis.com/auth/cloudplatformprojects.readonly","https://www.googleapis.com/auth/firebase","https://www.googleapis.com/auth/cloud-platform","https://www.googleapis.com/auth/userinfo.email"]
[debug] [2026-01-15T10:10:15.433Z] > authorizing via signed-in user (aqeelqazem1985@gmail.com)
[error] Failed to fetch Firebase Project from Studio Workspace because WORKSPACE_SLUG environment variable is empty
[debug] [2026-01-15T10:10:15.433Z] > command requires scopes: ["email","openid","https://www.googleapis.com/auth/cloudplatformprojects.readonly","https://www.googleapis.com/auth/firebase","https://www.googleapis.com/auth/cloud-platform","https://www.googleapis.com/auth/userinfo.email"]
[debug] [2026-01-15T10:10:15.434Z] > authorizing via signed-in user (aqeelqazem1985@gmail.com)
[debug] [2026-01-15T10:10:15.898Z] <<< [apiv2][status] GET https://serviceusage.googleapis.com/v1/projects//services/firebaseappdistribution.googleapis.com 400
[debug] [2026-01-15T10:10:15.898Z] <<< [apiv2][body] GET https://serviceusage.googleapis.com/v1/projects//services/firebaseappdistribution.googleapis.com [omitted]
[error] Failed to fetch Firebase Project from Studio Workspace because WORKSPACE_SLUG environment variable is empty
[error] Failed to fetch Firebase Project from Studio Workspace because WORKSPACE_SLUG environment variable is empty
[error] Failed to fetch Firebase Project from Studio Workspace because WORKSPACE_SLUG environment variable is empty
[error] Failed to fetch Firebase Project from Studio Workspace because WORKSPACE_SLUG environment variable is empty
[debug] [2026-01-15T10:34:10.235Z] > command requires scopes: ["email","openid","https://www.googleapis.com/auth/cloudplatformprojects.readonly","https://www.googleapis.com/auth/firebase","https://www.googleapis.com/auth/cloud-platform","https://www.googleapis.com/auth/userinfo.email"]
[debug] [2026-01-15T10:34:10.236Z] > authorizing via signed-in user (aqeelqazem1985@gmail.com)
[debug] [2026-01-15T10:34:10.254Z] > command requires scopes: ["email","openid","https://www.googleapis.com/auth/cloudplatformprojects.readonly","https://www.googleapis.com/auth/firebase","https://www.googleapis.com/auth/cloud-platform","https://www.googleapis.com/auth/userinfo.email"]
[debug] [2026-01-15T10:34:10.254Z] > authorizing via signed-in user (aqeelqazem1985@gmail.com)
[debug] [2026-01-15T10:34:10.379Z] No OAuth tokens found
[debug] [2026-01-15T10:34:10.379Z] No OAuth tokens found
[debug] [2026-01-15T10:34:10.380Z] > command requires scopes: ["email","openid","https://www.googleapis.com/auth/cloudplatformprojects.readonly","https://www.googleapis.com/auth/firebase","https://www.googleapis.com/auth/cloud-platform","https://www.googleapis.com/auth/userinfo.email"]
[debug] [2026-01-15T10:34:10.380Z] > authorizing via signed-in user (aqeelqazem1985@gmail.com)
[debug] [2026-01-15T10:34:10.382Z] >>> [apiv2][query] GET https://serviceusage.googleapis.com/v1/projects//services/firebaseappdistribution.googleapis.com [none]
[debug] [2026-01-15T10:34:10.382Z] >>> [apiv2][(partial)header] GET https://serviceusage.googleapis.com/v1/projects//services/firebaseappdistribution.googleapis.com x-goog-quota-user=projects/
[debug] [2026-01-15T10:34:10.414Z] No OAuth tokens found
[debug] [2026-01-15T10:34:10.415Z] No OAuth tokens found
[debug] [2026-01-15T10:34:10.415Z] > command requires scopes: ["email","openid","https://www.googleapis.com/auth/cloudplatformprojects.readonly","https://www.googleapis.com/auth/firebase","https://www.googleapis.com/auth/cloud-platform","https://www.googleapis.com/auth/userinfo.email"]
[debug] [2026-01-15T10:34:10.415Z] > authorizing via signed-in user (aqeelqazem1985@gmail.com)
[debug] [2026-01-15T10:34:10.415Z] >>> [apiv2][query] GET https://serviceusage.googleapis.com/v1/projects//services/firebaseappdistribution.googleapis.com [none]
[debug] [2026-01-15T10:34:10.415Z] >>> [apiv2][(partial)header] GET https://serviceusage.googleapis.com/v1/projects//services/firebaseappdistribution.googleapis.com x-goog-quota-user=projects/
[debug] [2026-01-15T10:34:10.574Z] <<< [apiv2][status] GET https://serviceusage.googleapis.com/v1/projects//services/firebaseappdistribution.googleapis.com 400
[debug] [2026-01-15T10:34:10.574Z] <<< [apiv2][body] GET https://serviceusage.googleapis.com/v1/projects//services/firebaseappdistribution.googleapis.com [omitted]
[debug] [2026-01-15T10:34:11.062Z] <<< [apiv2][status] GET https://serviceusage.googleapis.com/v1/projects//services/firebaseappdistribution.googleapis.com 400
[debug] [2026-01-15T10:34:11.062Z] <<< [apiv2][body] GET https://serviceusage.googleapis.com/v1/projects//services/firebaseappdistribution.googleapis.com [omitted]
[error] Failed to fetch Firebase Project from Studio Workspace because WORKSPACE_SLUG environment variable is empty
[error] Failed to fetch Firebase Project from Studio Workspace because WORKSPACE_SLUG environment variable is empty
[error] Failed to fetch Firebase Project from Studio Workspace because WORKSPACE_SLUG environment variable is empty
[debug] [2026-01-15T10:34:11.065Z] > command requires scopes: ["email","openid","https://www.googleapis.com/auth/cloudplatformprojects.readonly","https://www.googleapis.com/auth/firebase","https://www.googleapis.com/auth/cloud-platform","https://www.googleapis.com/auth/userinfo.email"]
[debug] [2026-01-15T10:34:11.065Z] > authorizing via signed-in user (aqeelqazem1985@gmail.com)
[error] Failed to fetch Firebase Project from Studio Workspace because WORKSPACE_SLUG environment variable is empty
[debug] [2026-01-15T10:34:11.067Z] > command requires scopes: ["email","openid","https://www.googleapis.com/auth/cloudplatformprojects.readonly","https://www.googleapis.com/auth/firebase","https://www.googleapis.com/auth/cloud-platform","https://www.googleapis.com/auth/userinfo.email"]
[debug] [2026-01-15T10:34:11.067Z] > authorizing via signed-in user (aqeelqazem1985@gmail.com)
[error] Failed to fetch Firebase Project from Studio Workspace because WORKSPACE_SLUG environment variable is empty
[error] Failed to fetch Firebase Project from Studio Workspace because WORKSPACE_SLUG environment variable is empty
[error] Failed to fetch Firebase Project from Studio Workspace because WORKSPACE_SLUG environment variable is empty
[debug] [2026-01-15T10:34:11.074Z] > command requires scopes: ["email","openid","https://www.googleapis.com/auth/cloudplatformprojects.readonly","https://www.googleapis.com/auth/firebase","https://www.googleapis.com/auth/cloud-platform","https://www.googleapis.com/auth/userinfo.email"]
[debug] [2026-01-15T10:34:11.074Z] > authorizing via signed-in user (aqeelqazem1985@gmail.com)
[error] Failed to fetch Firebase Project from Studio Workspace because WORKSPACE_SLUG environment variable is empty
[debug] [2026-01-15T10:34:11.075Z] > command requires scopes: ["email","openid","https://www.googleapis.com/auth/cloudplatformprojects.readonly","https://www.googleapis.com/auth/firebase","https://www.googleapis.com/auth/cloud-platform","https://www.googleapis.com/auth/userinfo.email"]
[debug] [2026-01-15T10:34:11.076Z] > authorizing via signed-in user (aqeelqazem1985@gmail.com)
[error] Failed to fetch Firebase Project from Studio Workspace because WORKSPACE_SLUG environment variable is empty
[error] Failed to fetch Firebase Project from Studio Workspace because WORKSPACE_SLUG environment variable is empty
[error] Failed to fetch Firebase Project from Studio Workspace because WORKSPACE_SLUG environment variable is empty
[debug] [2026-01-15T10:34:11.079Z] > command requires scopes: ["email","openid","https://www.googleapis.com/auth/cloudplatformprojects.readonly","https://www.googleapis.com/auth/firebase","https://www.googleapis.com/auth/cloud-platform","https://www.googleapis.com/auth/userinfo.email"]
[debug] [2026-01-15T10:34:11.080Z] > authorizing via signed-in user (aqeelqazem1985@gmail.com)
[error] Failed to fetch Firebase Project from Studio Workspace because WORKSPACE_SLUG environment variable is empty
[debug] [2026-01-15T10:34:11.081Z] > command requires scopes: ["email","openid","https://www.googleapis.com/auth/cloudplatformprojects.readonly","https://www.googleapis.com/auth/firebase","https://www.googleapis.com/auth/cloud-platform","https://www.googleapis.com/auth/userinfo.email"]
[debug] [2026-01-15T10:34:11.081Z] > authorizing via signed-in user (aqeelqazem1985@gmail.com)
[error] Failed to fetch Firebase Project from Studio Workspace because WORKSPACE_SLUG environment variable is empty
[error] Failed to fetch Firebase Project from Studio Workspace because WORKSPACE_SLUG environment variable is empty
[error] Failed to fetch Firebase Project from Studio Workspace because WORKSPACE_SLUG environment variable is empty
[error] Failed to fetch Firebase Project from Studio Workspace because WORKSPACE_SLUG environment variable is empty
[debug] [2026-01-16T09:51:52.597Z] > command requires scopes: ["email","openid","https://www.googleapis.com/auth/cloudplatformprojects.readonly","https://www.googleapis.com/auth/firebase","https://www.googleapis.com/auth/cloud-platform","https://www.googleapis.com/auth/userinfo.email"]
[debug] [2026-01-16T09:51:52.599Z] > command requires scopes: ["email","openid","https://www.googleapis.com/auth/cloudplatformprojects.readonly","https://www.googleapis.com/auth/firebase","https://www.googleapis.com/auth/cloud-platform","https://www.googleapis.com/auth/userinfo.email"]
[debug] [2026-01-16T09:51:55.830Z] Running auto auth
[debug] [2026-01-16T09:51:55.831Z] Running auto auth
[debug] [2026-01-16T09:51:56.134Z] No OAuth tokens found
[debug] [2026-01-16T09:51:56.140Z] >>> [apiv2][query] GET https://serviceusage.googleapis.com/v1/projects//services/firebaseappdistribution.googleapis.com [none]
[debug] [2026-01-16T09:51:56.140Z] >>> [apiv2][(partial)header] GET https://serviceusage.googleapis.com/v1/projects//services/firebaseappdistribution.googleapis.com x-goog-quota-user=projects/
[debug] [2026-01-16T09:51:56.198Z] No OAuth tokens found
[debug] [2026-01-16T09:51:56.199Z] >>> [apiv2][query] GET https://serviceusage.googleapis.com/v1/projects//services/firebaseappdistribution.googleapis.com [none]
[debug] [2026-01-16T09:51:56.199Z] >>> [apiv2][(partial)header] GET https://serviceusage.googleapis.com/v1/projects//services/firebaseappdistribution.googleapis.com x-goog-quota-user=projects/
[debug] [2026-01-16T09:51:56.806Z] <<< [apiv2][status] GET https://serviceusage.googleapis.com/v1/projects//services/firebaseappdistribution.googleapis.com 403
[debug] [2026-01-16T09:51:56.806Z] <<< [apiv2][body] GET https://serviceusage.googleapis.com/v1/projects//services/firebaseappdistribution.googleapis.com [omitted]
[error] Failed to fetch Firebase Project from Studio Workspace because WORKSPACE_SLUG environment variable is empty
[error] Failed to fetch Firebase Project from Studio Workspace because WORKSPACE_SLUG environment variable is empty
[error] Failed to fetch Firebase Project from Studio Workspace because WORKSPACE_SLUG environment variable is empty
[debug] [2026-01-16T09:51:56.817Z] > command requires scopes: ["email","openid","https://www.googleapis.com/auth/cloudplatformprojects.readonly","https://www.googleapis.com/auth/firebase","https://www.googleapis.com/auth/cloud-platform","https://www.googleapis.com/auth/userinfo.email"]
[debug] [2026-01-16T09:51:56.817Z] > authorizing via signed-in user (id-monospace-workstations-sa@monospace-9.iam.gserviceaccount.com)
[error] Failed to fetch Firebase Project from Studio Workspace because WORKSPACE_SLUG environment variable is empty
[debug] [2026-01-16T09:51:56.819Z] > command requires scopes: ["email","openid","https://www.googleapis.com/auth/cloudplatformprojects.readonly","https://www.googleapis.com/auth/firebase","https://www.googleapis.com/auth/cloud-platform","https://www.googleapis.com/auth/userinfo.email"]
[debug] [2026-01-16T09:51:56.819Z] > authorizing via signed-in user (id-monospace-workstations-sa@monospace-9.iam.gserviceaccount.com)
[debug] [2026-01-16T09:51:56.826Z] <<< [apiv2][status] GET https://serviceusage.googleapis.com/v1/projects//services/firebaseappdistribution.googleapis.com 403
[debug] [2026-01-16T09:51:56.826Z] <<< [apiv2][body] GET https://serviceusage.googleapis.com/v1/projects//services/firebaseappdistribution.googleapis.com [omitted]
[error] Failed to fetch Firebase Project from Studio Workspace because WORKSPACE_SLUG environment variable is empty
[error] Failed to fetch Firebase Project from Studio Workspace because WORKSPACE_SLUG environment variable is empty
[error] Failed to fetch Firebase Project from Studio Workspace because WORKSPACE_SLUG environment variable is empty
[debug] [2026-01-16T09:51:56.834Z] > command requires scopes: ["email","openid","https://www.googleapis.com/auth/cloudplatformprojects.readonly","https://www.googleapis.com/auth/firebase","https://www.googleapis.com/auth/cloud-platform","https://www.googleapis.com/auth/userinfo.email"]
[debug] [2026-01-16T09:51:56.834Z] > authorizing via signed-in user (id-monospace-workstations-sa@monospace-9.iam.gserviceaccount.com)
[error] Failed to fetch Firebase Project from Studio Workspace because WORKSPACE_SLUG environment variable is empty
[debug] [2026-01-16T09:51:56.837Z] > command requires scopes: ["email","openid","https://www.googleapis.com/auth/cloudplatformprojects.readonly","https://www.googleapis.com/auth/firebase","https://www.googleapis.com/auth/cloud-platform","https://www.googleapis.com/auth/userinfo.email"]
[debug] [2026-01-16T09:51:56.837Z] > authorizing via signed-in user (id-monospace-workstations-sa@monospace-9.iam.gserviceaccount.com)
[error] Failed to fetch Firebase Project from Studio Workspace because WORKSPACE_SLUG environment variable is empty
[error] Failed to fetch Firebase Project from Studio Workspace because WORKSPACE_SLUG environment variable is empty
[error] Failed to fetch Firebase Project from Studio Workspace because WORKSPACE_SLUG environment variable is empty
[debug] [2026-01-16T09:51:56.845Z] > command requires scopes: ["email","openid","https://www.googleapis.com/auth/cloudplatformprojects.readonly","https://www.googleapis.com/auth/firebase","https://www.googleapis.com/auth/cloud-platform","https://www.googleapis.com/auth/userinfo.email"]
[debug] [2026-01-16T09:51:56.847Z] > authorizing via signed-in user (id-monospace-workstations-sa@monospace-9.iam.gserviceaccount.com)
[error] Failed to fetch Firebase Project from Studio Workspace because WORKSPACE_SLUG environment variable is empty
[debug] [2026-01-16T09:51:56.849Z] > command requires scopes: ["email","openid","https://www.googleapis.com/auth/cloudplatformprojects.readonly","https://www.googleapis.com/auth/firebase","https://www.googleapis.com/auth/cloud-platform","https://www.googleapis.com/auth/userinfo.email"]
[debug] [2026-01-16T09:51:56.849Z] > authorizing via signed-in user (id-monospace-workstations-sa@monospace-9.iam.gserviceaccount.com)
[error] Failed to fetch Firebase Project from Studio Workspace because WORKSPACE_SLUG environment variable is empty
[error] Failed to fetch Firebase Project from Studio Workspace because WORKSPACE_SLUG environment variable is empty
[error] Failed to fetch Firebase Project from Studio Workspace because WORKSPACE_SLUG environment variable is empty
[debug] [2026-01-16T09:53:05.958Z] > command requires scopes: ["email","openid","https://www.googleapis.com/auth/cloudplatformprojects.readonly","https://www.googleapis.com/auth/firebase","https://www.googleapis.com/auth/cloud-platform","https://www.googleapis.com/auth/userinfo.email"]
[debug] [2026-01-16T09:53:05.958Z] > authorizing via signed-in user (id-monospace-workstations-sa@monospace-9.iam.gserviceaccount.com)
[error] Failed to fetch Firebase Project from Studio Workspace because WORKSPACE_SLUG environment variable is empty
[debug] [2026-01-16T09:53:05.959Z] > command requires scopes: ["email","openid","https://www.googleapis.com/auth/cloudplatformprojects.readonly","https://www.googleapis.com/auth/firebase","https://www.googleapis.com/auth/cloud-platform","https://www.googleapis.com/auth/userinfo.email"]
[debug] [2026-01-16T09:53:05.959Z] > authorizing via signed-in user (id-monospace-workstations-sa@monospace-9.iam.gserviceaccount.com)
[error] Failed to fetch Firebase Project from Studio Workspace because WORKSPACE_SLUG environment variable is empty
[error] Failed to fetch Firebase Project from Studio Workspace because WORKSPACE_SLUG environment variable is empty
[error] Failed to fetch Firebase Project from Studio Workspace because WORKSPACE_SLUG environment variable is empty
[debug] [2026-01-16T09:53:05.966Z] > command requires scopes: ["email","openid","https://www.googleapis.com/auth/cloudplatformprojects.readonly","https://www.googleapis.com/auth/firebase","https://www.googleapis.com/auth/cloud-platform","https://www.googleapis.com/auth/userinfo.email"]
[debug] [2026-01-16T09:53:05.966Z] > authorizing via signed-in user (id-monospace-workstations-sa@monospace-9.iam.gserviceaccount.com)
[error] Failed to fetch Firebase Project from Studio Workspace because WORKSPACE_SLUG environment variable is empty
[debug] [2026-01-16T09:53:05.967Z] > command requires scopes: ["email","openid","https://www.googleapis.com/auth/cloudplatformprojects.readonly","https://www.googleapis.com/auth/firebase","https://www.googleapis.com/auth/cloud-platform","https://www.googleapis.com/auth/userinfo.email"]
[debug] [2026-01-16T09:53:05.969Z] > authorizing via signed-in user (id-monospace-workstations-sa@monospace-9.iam.gserviceaccount.com)
[error] Failed to fetch Firebase Project from Studio Workspace because WORKSPACE_SLUG environment variable is empty
[error] Failed to fetch Firebase Project from Studio Workspace because WORKSPACE_SLUG environment variable is empty
[error] Failed to fetch Firebase Project from Studio Workspace because WORKSPACE_SLUG environment variable is empty
[debug] [2026-01-16T09:53:05.987Z] > command requires scopes: ["email","openid","https://www.googleapis.com/auth/cloudplatformprojects.readonly","https://www.googleapis.com/auth/firebase","https://www.googleapis.com/auth/cloud-platform","https://www.googleapis.com/auth/userinfo.email"]
[debug] [2026-01-16T09:53:05.988Z] > authorizing via signed-in user (id-monospace-workstations-sa@monospace-9.iam.gserviceaccount.com)
[error] Failed to fetch Firebase Project from Studio Workspace because WORKSPACE_SLUG environment variable is empty
[debug] [2026-01-16T09:53:05.989Z] > command requires scopes: ["email","openid","https://www.googleapis.com/auth/cloudplatformprojects.readonly","https://www.googleapis.com/auth/firebase","https://www.googleapis.com/auth/cloud-platform","https://www.googleapis.com/auth/userinfo.email"]
[debug] [2026-01-16T09:53:05.989Z] > authorizing via signed-in user (id-monospace-workstations-sa@monospace-9.iam.gserviceaccount.com)
